split,city,image_path,nearest_audit_cosine,above_audit_p90
external,pittsburgh,data/generalization/images/pittsburgh/pittsburgh_3909.jpg,0.401272,False
external,pittsburgh,data/generalization/images/pittsburgh/pittsburgh_7319.jpg,0.47903478,False
external,pittsburgh,data/generalization/images/pittsburgh/pittsburgh_8798.jpg,0.4938311,False
external,pittsburgh,data/generalization/images/pittsburgh/pittsburgh_15523.jpg,0.40412915,False
external,pittsburgh,data/generalization/images/pittsburgh/pittsburgh_15527.jpg,0.5666361,False
external,pittsburgh,data/generalization/images/pittsburgh/pittsburgh_20.jpg,0.61523515,True
external,pittsburgh,data/generalization/images/pittsburgh/pittsburgh_112.jpg,0.5040687,False
external,pittsburgh,data/generalization/images/pittsburgh/pittsburgh_2024.jpg,0.3967998,False
external,pittsburgh,data/generalization/images/pittsburgh/pittsburgh_2025.jpg,0.40275365,False
external,pittsburgh,data/generalization/images/pittsburgh/pittsburgh_2147.jpg,0.42921263,False
external,pittsburgh,data/generalization/images/pittsburgh/pittsburgh_2178.jpg,0.36005574,False
external,pittsburgh,data/generalization/images/pittsburgh/pittsburgh_2281.jpg,0.3972087,False
external,pittsburgh,data/generalization/images/pittsburgh/pittsburgh_2282.jpg,0.45548195,False
external,pittsburgh,data/generalization/images/pittsburgh/pittsburgh_2511.jpg,0.45552903,False
external,pittsburgh,data/generalization/images/pittsburgh/pittsburgh_2682.jpg,0.39483356,False
external,pittsburgh,data/generalization/images/pittsburgh/pittsburgh_2684.jpg,0.45889252,False
external,pittsburgh,data/generalization/images/pittsburgh/pittsburgh_2895.jpg,0.41096383,False
external,pittsburgh,data/generalization/images/pittsburgh/pittsburgh_3112.jpg,0.41143668,False
external,pittsburgh,data/generalization/images/pittsburgh/pittsburgh_4237.jpg,0.60793734,False
external,pittsburgh,data/generalization/images/pittsburgh/pittsburgh_4625.jpg,0.4447884,False
external,pittsburgh,data/generalization/images/pittsburgh/pittsburgh_4744.jpg,0.48379773,False
external,pittsburgh,data/generalization/images/pittsburgh/pittsburgh_7953.jpg,0.39730328,False
external,pittsburgh,data/generalization/images/pittsburgh/pittsburgh_8070.jpg,0.36686933,False
external,pittsburgh,data/generalization/images/pittsburgh/pittsburgh_8533.jpg,0.7464496,True
external,pittsburgh,data/generalization/images/pittsburgh/pittsburgh_8542.jpg,0.6248046,True
external,pittsburgh,data/generalization/images/pittsburgh/pittsburgh_10016.jpg,0.40749127,False
external,pittsburgh,data/generalization/images/pittsburgh/pittsburgh_14623.jpg,0.40334678,False
external,pittsburgh,data/generalization/images/pittsburgh/pittsburgh_14624.jpg,0.40936375,False
external,pittsburgh,data/generalization/images/pittsburgh/pittsburgh_14938.jpg,0.4453838,False
external,pittsburgh,data/generalization/images/pittsburgh/pittsburgh_14939.jpg,0.4453838,False
external,pittsburgh,data/generalization/images/pittsburgh/pittsburgh_15075.jpg,0.6589775,True
external,pittsburgh,data/generalization/images/pittsburgh/pittsburgh_15520.jpg,0.39050376,False
external,pittsburgh,data/generalization/images/pittsburgh/pittsburgh_16204.jpg,0.49970722,False
external,pittsburgh,data/generalization/images/pittsburgh/pittsburgh_18027.jpg,0.46927023,False
external,pittsburgh,data/generalization/images/pittsburgh/pittsburgh_18028.jpg,0.46927023,False
external,pittsburgh,data/generalization/images/pittsburgh/pittsburgh_23783.jpg,0.41255528,False
external,pittsburgh,data/generalization/images/pittsburgh/pittsburgh_23801.jpg,0.35544193,False
external,pittsburgh,data/generalization/images/pittsburgh/pittsburgh_21.jpg,0.4425202,False
external,pittsburgh,data/generalization/images/pittsburgh/pittsburgh_24.jpg,0.66653436,True
external,pittsburgh,data/generalization/images/pittsburgh/pittsburgh_109.jpg,0.5004192,False
external,pittsburgh,data/generalization/images/pittsburgh/pittsburgh_111.jpg,0.5043547,False
external,pittsburgh,data/generalization/images/pittsburgh/pittsburgh_113.jpg,0.55509496,False
external,pittsburgh,data/generalization/images/pittsburgh/pittsburgh_176.jpg,0.56698906,False
external,pittsburgh,data/generalization/images/pittsburgh/pittsburgh_1134.jpg,0.4480284,False
external,pittsburgh,data/generalization/images/pittsburgh/pittsburgh_1218.jpg,0.3871534,False
external,pittsburgh,data/generalization/images/pittsburgh/pittsburgh_1222.jpg,0.42494774,False
external,pittsburgh,data/generalization/images/pittsburgh/pittsburgh_2056.jpg,0.5470594,False
external,pittsburgh,data/generalization/images/pittsburgh/pittsburgh_2092.jpg,0.73492694,True
external,pittsburgh,data/generalization/images/pittsburgh/pittsburgh_2093.jpg,0.41253948,False
external,pittsburgh,data/generalization/images/pittsburgh/pittsburgh_2159.jpg,0.37427986,False
external,pittsburgh,data/generalization/images/pittsburgh/pittsburgh_2161.jpg,0.39427984,False
external,pittsburgh,data/generalization/images/pittsburgh/pittsburgh_2173.jpg,0.35300648,False
external,pittsburgh,data/generalization/images/pittsburgh/pittsburgh_2175.jpg,0.52604884,False
external,pittsburgh,data/generalization/images/pittsburgh/pittsburgh_2276.jpg,0.4498217,False
external,pittsburgh,data/generalization/images/pittsburgh/pittsburgh_2393.jpg,0.44866335,False
external,pittsburgh,data/generalization/images/pittsburgh/pittsburgh_2455.jpg,0.40048808,False
external,pittsburgh,data/generalization/images/pittsburgh/pittsburgh_2457.jpg,0.4199698,False
external,pittsburgh,data/generalization/images/pittsburgh/pittsburgh_2461.jpg,0.39797807,False
external,pittsburgh,data/generalization/images/pittsburgh/pittsburgh_2509.jpg,0.4200076,False
external,pittsburgh,data/generalization/images/pittsburgh/pittsburgh_2510.jpg,0.4200076,False
external,pittsburgh,data/generalization/images/pittsburgh/pittsburgh_2566.jpg,0.45445704,False
external,pittsburgh,data/generalization/images/pittsburgh/pittsburgh_2569.jpg,0.4384389,False
external,pittsburgh,data/generalization/images/pittsburgh/pittsburgh_2830.jpg,0.4568081,False
external,pittsburgh,data/generalization/images/pittsburgh/pittsburgh_3033.jpg,0.40050566,False
external,pittsburgh,data/generalization/images/pittsburgh/pittsburgh_3035.jpg,0.36056024,False
external,pittsburgh,data/generalization/images/pittsburgh/pittsburgh_3128.jpg,0.49125737,False
external,pittsburgh,data/generalization/images/pittsburgh/pittsburgh_3131.jpg,0.4679643,False
external,pittsburgh,data/generalization/images/pittsburgh/pittsburgh_3137.jpg,0.44831574,False
external,pittsburgh,data/generalization/images/pittsburgh/pittsburgh_3162.jpg,0.6597382,True
external,pittsburgh,data/generalization/images/pittsburgh/pittsburgh_3782.jpg,0.4159041,False
external,pittsburgh,data/generalization/images/pittsburgh/pittsburgh_3784.jpg,0.43325353,False
external,pittsburgh,data/generalization/images/pittsburgh/pittsburgh_3802.jpg,0.49954236,False
external,pittsburgh,data/generalization/images/pittsburgh/pittsburgh_3861.jpg,0.4120525,False
external,pittsburgh,data/generalization/images/pittsburgh/pittsburgh_3902.jpg,0.46575773,False
external,pittsburgh,data/generalization/images/pittsburgh/pittsburgh_3911.jpg,0.43365735,False
external,pittsburgh,data/generalization/images/pittsburgh/pittsburgh_3913.jpg,0.4046532,False
external,pittsburgh,data/generalization/images/pittsburgh/pittsburgh_4496.jpg,0.43951494,False
external,pittsburgh,data/generalization/images/pittsburgh/pittsburgh_4623.jpg,0.49541497,False
external,pittsburgh,data/generalization/images/pittsburgh/pittsburgh_4665.jpg,0.36508912,False
external,pittsburgh,data/generalization/images/pittsburgh/pittsburgh_4743.jpg,0.4521016,False
external,pittsburgh,data/generalization/images/pittsburgh/pittsburgh_4797.jpg,0.4844318,False
external,pittsburgh,data/generalization/images/pittsburgh/pittsburgh_7121.jpg,0.44419098,False
external,pittsburgh,data/generalization/images/pittsburgh/pittsburgh_7303.jpg,0.8092003,True
external,pittsburgh,data/generalization/images/pittsburgh/pittsburgh_7315.jpg,0.45127666,False
external,pittsburgh,data/generalization/images/pittsburgh/pittsburgh_7317.jpg,0.63232416,True
external,pittsburgh,data/generalization/images/pittsburgh/pittsburgh_7380.jpg,0.502135,False
external,pittsburgh,data/generalization/images/pittsburgh/pittsburgh_7625.jpg,0.6265812,True
external,pittsburgh,data/generalization/images/pittsburgh/pittsburgh_7761.jpg,0.6405664,True
external,pittsburgh,data/generalization/images/pittsburgh/pittsburgh_7844.jpg,0.6179496,True
external,pittsburgh,data/generalization/images/pittsburgh/pittsburgh_8023.jpg,0.5089372,False
external,pittsburgh,data/generalization/images/pittsburgh/pittsburgh_8538.jpg,0.5131624,False
external,pittsburgh,data/generalization/images/pittsburgh/pittsburgh_8545.jpg,0.5520489,False
external,pittsburgh,data/generalization/images/pittsburgh/pittsburgh_8748.jpg,0.5836323,False
external,pittsburgh,data/generalization/images/pittsburgh/pittsburgh_8754.jpg,0.5193139,False
external,pittsburgh,data/generalization/images/pittsburgh/pittsburgh_10017.jpg,0.40749127,False
external,pittsburgh,data/generalization/images/pittsburgh/pittsburgh_10975.jpg,0.39861405,False
external,pittsburgh,data/generalization/images/pittsburgh/pittsburgh_11616.jpg,0.62371635,True
external,pittsburgh,data/generalization/images/pittsburgh/pittsburgh_11617.jpg,0.5466033,False
external,pittsburgh,data/generalization/images/pittsburgh/pittsburgh_11619.jpg,0.66313255,True
external,pittsburgh,data/generalization/images/pittsburgh/pittsburgh_4229.jpg,0.528426,False
external,pittsburgh,data/generalization/images/pittsburgh/pittsburgh_102.jpg,0.6014248,False
external,pittsburgh,data/generalization/images/pittsburgh/pittsburgh_32.jpg,0.48270184,False
external,pittsburgh,data/generalization/images/pittsburgh/pittsburgh_17981.jpg,0.42144424,False
external,pittsburgh,data/generalization/images/pittsburgh/pittsburgh_8532.jpg,0.5507628,False
external,pittsburgh,data/generalization/images/pittsburgh/pittsburgh_15078.jpg,0.4666028,False
external,pittsburgh,data/generalization/images/pittsburgh/pittsburgh_20958.jpg,0.46251565,False
external,pittsburgh,data/generalization/images/pittsburgh/pittsburgh_33.jpg,0.58890957,False
external,pittsburgh,data/generalization/images/pittsburgh/pittsburgh_101.jpg,0.53082085,False
external,pittsburgh,data/generalization/images/pittsburgh/pittsburgh_3639.jpg,0.57967293,False
external,pittsburgh,data/generalization/images/pittsburgh/pittsburgh_7451.jpg,0.5875493,False
external,pittsburgh,data/generalization/images/pittsburgh/pittsburgh_8346.jpg,0.6246651,True
external,pittsburgh,data/generalization/images/pittsburgh/pittsburgh_13408.jpg,0.3994109,False
external,pittsburgh,data/generalization/images/pittsburgh/pittsburgh_18045.jpg,0.47103095,False
external,pittsburgh,data/generalization/images/pittsburgh/pittsburgh_23963.jpg,0.5231456,False
external,pittsburgh,data/generalization/images/pittsburgh/pittsburgh_1221.jpg,0.36771607,False
external,pittsburgh,data/generalization/images/pittsburgh/pittsburgh_8337.jpg,0.38131326,False
external,pittsburgh,data/generalization/images/pittsburgh/pittsburgh_13230.jpg,0.5483732,False
external,pittsburgh,data/generalization/images/pittsburgh/pittsburgh_20145.jpg,0.4389764,False
external,pittsburgh,data/generalization/images/pittsburgh/pittsburgh_2896.jpg,0.5166818,False
external,pittsburgh,data/generalization/images/pittsburgh/pittsburgh_7247.jpg,0.331703,False
external,pittsburgh,data/generalization/images/pittsburgh/pittsburgh_7249.jpg,0.46495777,False
external,pittsburgh,data/generalization/images/pittsburgh/pittsburgh_16185.jpg,0.42785227,False
external,pittsburgh,data/generalization/images/pittsburgh/pittsburgh_16205.jpg,0.49970722,False
external,pittsburgh,data/generalization/images/pittsburgh/pittsburgh_20162.jpg,0.40840894,False
external,pittsburgh,data/generalization/images/pittsburgh/pittsburgh_20966.jpg,0.39583588,False
external,pittsburgh,data/generalization/images/pittsburgh/pittsburgh_24139.jpg,0.54176843,False
external,pittsburgh,data/generalization/images/pittsburgh/pittsburgh_28213.jpg,0.49481988,False
external,pittsburgh,data/generalization/images/pittsburgh/pittsburgh_2410.jpg,0.32893586,False
external,pittsburgh,data/generalization/images/pittsburgh/pittsburgh_4230.jpg,0.75706637,True
external,pittsburgh,data/generalization/images/pittsburgh/pittsburgh_13456.jpg,0.51099324,False
external,pittsburgh,data/generalization/images/pittsburgh/pittsburgh_13472.jpg,0.59635204,False
external,pittsburgh,data/generalization/images/pittsburgh/pittsburgh_15073.jpg,0.3746646,False
external,pittsburgh,data/generalization/images/pittsburgh/pittsburgh_15162.jpg,0.40104407,False
external,pittsburgh,data/generalization/images/pittsburgh/pittsburgh_16175.jpg,0.6097684,False
external,pittsburgh,data/generalization/images/pittsburgh/pittsburgh_16214.jpg,0.6381004,True
external,pittsburgh,data/generalization/images/pittsburgh/pittsburgh_19715.jpg,0.4221431,False
external,pittsburgh,data/generalization/images/pittsburgh/pittsburgh_20131.jpg,0.50138795,False
external,pittsburgh,data/generalization/images/pittsburgh/pittsburgh_20965.jpg,0.4542774,False
external,pittsburgh,data/generalization/images/pittsburgh/pittsburgh_23961.jpg,0.45645988,False
external,pittsburgh,data/generalization/images/pittsburgh/pittsburgh_24140.jpg,0.54176843,False
external,pittsburgh,data/generalization/images/pittsburgh/pittsburgh_28238.jpg,0.38791645,False
external,pittsburgh,data/generalization/images/pittsburgh/pittsburgh_28251.jpg,0.36548805,False
external,pittsburgh,data/generalization/images/pittsburgh/pittsburgh_4158.jpg,0.6671409,True
external,pittsburgh,data/generalization/images/pittsburgh/pittsburgh_7116.jpg,0.55020034,False
external,pittsburgh,data/generalization/images/pittsburgh/pittsburgh_7269.jpg,0.5147826,False
external,pittsburgh,data/generalization/images/pittsburgh/pittsburgh_8026.jpg,0.4933337,False
external,pittsburgh,data/generalization/images/pittsburgh/pittsburgh_8349.jpg,0.5629226,False
external,pittsburgh,data/generalization/images/pittsburgh/pittsburgh_14625.jpg,0.46106696,False
external,pittsburgh,data/generalization/images/pittsburgh/pittsburgh_15074.jpg,0.4615348,False
external,pittsburgh,data/generalization/images/pittsburgh/pittsburgh_15080.jpg,0.44532,False
external,pittsburgh,data/generalization/images/pittsburgh/pittsburgh_17180.jpg,0.4794076,False
external,pittsburgh,data/generalization/images/pittsburgh/pittsburgh_19552.jpg,0.428989,False
external,pittsburgh,data/generalization/images/pittsburgh/pittsburgh_23964.jpg,0.4660198,False
external,pittsburgh,data/generalization/images/pittsburgh/pittsburgh_28242.jpg,0.47990578,False
external,pittsburgh,data/generalization/images/pittsburgh/pittsburgh_28249.jpg,0.41855168,False
external,pittsburgh,data/generalization/images/pittsburgh/pittsburgh_3660.jpg,0.64272934,True
external,pittsburgh,data/generalization/images/pittsburgh/pittsburgh_3661.jpg,0.6364928,True
external,pittsburgh,data/generalization/images/pittsburgh/pittsburgh_3665.jpg,0.54041505,False
external,pittsburgh,data/generalization/images/pittsburgh/pittsburgh_4248.jpg,0.57994795,False
external,pittsburgh,data/generalization/images/pittsburgh/pittsburgh_7270.jpg,0.42674053,False
external,pittsburgh,data/generalization/images/pittsburgh/pittsburgh_15516.jpg,0.44344276,False
external,pittsburgh,data/generalization/images/pittsburgh/pittsburgh_22342.jpg,0.42558122,False
external,zurich,data/generalization/images/zurich/zurich_2183.jpg,0.8372637,True
external,zurich,data/generalization/images/zurich/zurich_2212.jpg,0.8467319,True
external,zurich,data/generalization/images/zurich/zurich_2791.jpg,0.81517583,True
external,zurich,data/generalization/images/zurich/zurich_2792.jpg,0.73056084,True
external,zurich,data/generalization/images/zurich/zurich_3168.jpg,0.8071672,True
external,zurich,data/generalization/images/zurich/zurich_4407.jpg,0.80366766,True
external,zurich,data/generalization/images/zurich/zurich_4408.jpg,0.80366766,True
external,zurich,data/generalization/images/zurich/zurich_4414.jpg,0.793918,True
external,zurich,data/generalization/images/zurich/zurich_4427.jpg,0.80050147,True
external,zurich,data/generalization/images/zurich/zurich_4428.jpg,0.7832605,True
external,zurich,data/generalization/images/zurich/zurich_5267.jpg,0.83537865,True
external,zurich,data/generalization/images/zurich/zurich_5270.jpg,0.91158384,True
external,zurich,data/generalization/images/zurich/zurich_5309.jpg,0.73535365,True
external,zurich,data/generalization/images/zurich/zurich_6518.jpg,0.8025533,True
external,zurich,data/generalization/images/zurich/zurich_6528.jpg,0.80640614,True
external,zurich,data/generalization/images/zurich/zurich_25.jpg,0.6982825,True
external,zurich,data/generalization/images/zurich/zurich_32.jpg,0.87698805,True
external,zurich,data/generalization/images/zurich/zurich_51.jpg,0.8066939,True
external,zurich,data/generalization/images/zurich/zurich_62.jpg,0.7933465,True
external,zurich,data/generalization/images/zurich/zurich_430.jpg,0.8777644,True
external,zurich,data/generalization/images/zurich/zurich_761.jpg,0.8616177,True
external,zurich,data/generalization/images/zurich/zurich_1101.jpg,0.819487,True
external,zurich,data/generalization/images/zurich/zurich_1140.jpg,0.8415983,True
external,zurich,data/generalization/images/zurich/zurich_1285.jpg,0.8629127,True
external,zurich,data/generalization/images/zurich/zurich_1315.jpg,0.84998614,True
external,zurich,data/generalization/images/zurich/zurich_1468.jpg,0.7930999,True
external,zurich,data/generalization/images/zurich/zurich_1504.jpg,0.86002433,True
external,zurich,data/generalization/images/zurich/zurich_2181.jpg,0.82266384,True
external,zurich,data/generalization/images/zurich/zurich_2202.jpg,0.8596633,True
external,zurich,data/generalization/images/zurich/zurich_2213.jpg,0.8467319,True
external,zurich,data/generalization/images/zurich/zurich_2223.jpg,0.7376999,True
external,zurich,data/generalization/images/zurich/zurich_2303.jpg,0.76030886,True
external,zurich,data/generalization/images/zurich/zurich_2477.jpg,0.7532401,True
external,zurich,data/generalization/images/zurich/zurich_2796.jpg,0.81169856,True
external,zurich,data/generalization/images/zurich/zurich_2872.jpg,0.90685314,True
external,zurich,data/generalization/images/zurich/zurich_3183.jpg,0.87732106,True
external,zurich,data/generalization/images/zurich/zurich_3193.jpg,0.7928592,True
external,zurich,data/generalization/images/zurich/zurich_3194.jpg,0.7928592,True
external,zurich,data/generalization/images/zurich/zurich_3206.jpg,0.8542032,True
external,zurich,data/generalization/images/zurich/zurich_3260.jpg,0.7056363,True
external,zurich,data/generalization/images/zurich/zurich_3541.jpg,0.8987758,True
external,zurich,data/generalization/images/zurich/zurich_3542.jpg,0.9393133,True
external,zurich,data/generalization/images/zurich/zurich_3570.jpg,0.73583305,True
external,zurich,data/generalization/images/zurich/zurich_3575.jpg,0.8381337,True
external,zurich,data/generalization/images/zurich/zurich_3610.jpg,0.7798097,True
external,zurich,data/generalization/images/zurich/zurich_4130.jpg,0.8267304,True
external,zurich,data/generalization/images/zurich/zurich_4240.jpg,0.85913205,True
external,zurich,data/generalization/images/zurich/zurich_4431.jpg,0.8045694,True
external,zurich,data/generalization/images/zurich/zurich_82.jpg,0.7778299,True
external,zurich,data/generalization/images/zurich/zurich_84.jpg,0.6855545,True
external,zurich,data/generalization/images/zurich/zurich_1505.jpg,0.8589519,True
external,zurich,data/generalization/images/zurich/zurich_5873.jpg,0.78478944,True
external,zurich,data/generalization/images/zurich/zurich_6371.jpg,0.68653774,True
external,zurich,data/generalization/images/zurich/zurich_6710.jpg,0.6958884,True
external,zurich,data/generalization/images/zurich/zurich_8464.jpg,0.5670252,False
external,zurich,data/generalization/images/zurich/zurich_1172.jpg,0.7161532,True
external,zurich,data/generalization/images/zurich/zurich_2384.jpg,0.70892787,True
external,zurich,data/generalization/images/zurich/zurich_2449.jpg,0.83443016,True
external,zurich,data/generalization/images/zurich/zurich_2485.jpg,0.7234285,True
external,zurich,data/generalization/images/zurich/zurich_2486.jpg,0.7585236,True
external,zurich,data/generalization/images/zurich/zurich_2572.jpg,0.66760767,True
external,zurich,data/generalization/images/zurich/zurich_2712.jpg,0.8651613,True
external,zurich,data/generalization/images/zurich/zurich_2786.jpg,0.7649921,True
external,zurich,data/generalization/images/zurich/zurich_3714.jpg,0.8970936,True
external,zurich,data/generalization/images/zurich/zurich_6960.jpg,0.8234675,True
external,zurich,data/generalization/images/zurich/zurich_6961.jpg,0.7243259,True
external,zurich,data/generalization/images/zurich/zurich_7470.jpg,0.6958884,True
external,zurich,data/generalization/images/zurich/zurich_7907.jpg,0.8605562,True
external,zurich,data/generalization/images/zurich/zurich_10591.jpg,0.83422387,True
external,zurich,data/generalization/images/zurich/zurich_83.jpg,0.67749757,True
external,zurich,data/generalization/images/zurich/zurich_2317.jpg,0.8565999,True
external,zurich,data/generalization/images/zurich/zurich_2370.jpg,0.6891966,True
external,zurich,data/generalization/images/zurich/zurich_2408.jpg,0.8155369,True
external,zurich,data/generalization/images/zurich/zurich_2411.jpg,0.80293196,True
external,zurich,data/generalization/images/zurich/zurich_2462.jpg,0.80852026,True
external,zurich,data/generalization/images/zurich/zurich_2468.jpg,0.80979085,True
external,zurich,data/generalization/images/zurich/zurich_2470.jpg,0.77834606,True
external,zurich,data/generalization/images/zurich/zurich_2482.jpg,0.7930794,True
external,zurich,data/generalization/images/zurich/zurich_2487.jpg,0.7402373,True
external,zurich,data/generalization/images/zurich/zurich_2497.jpg,0.77886736,True
external,zurich,data/generalization/images/zurich/zurich_2499.jpg,0.8112589,True
external,zurich,data/generalization/images/zurich/zurich_2508.jpg,0.7010691,True
external,zurich,data/generalization/images/zurich/zurich_2594.jpg,0.7016016,True
external,zurich,data/generalization/images/zurich/zurich_2602.jpg,0.88172513,True
external,zurich,data/generalization/images/zurich/zurich_2617.jpg,0.8652468,True
external,zurich,data/generalization/images/zurich/zurich_2688.jpg,0.7606478,True
external,zurich,data/generalization/images/zurich/zurich_2718.jpg,0.79581773,True
external,zurich,data/generalization/images/zurich/zurich_2722.jpg,0.71054244,True
external,zurich,data/generalization/images/zurich/zurich_2732.jpg,0.85363305,True
external,taipei,data/generalization/images/taipei/taipei_130.jpg,0.8194328,True
external,taipei,data/generalization/images/taipei/taipei_174.jpg,0.7528666,True
external,taipei,data/generalization/images/taipei/taipei_1695.jpg,0.75030094,True
external,taipei,data/generalization/images/taipei/taipei_56.jpg,0.76820725,True
external,taipei,data/generalization/images/taipei/taipei_147.jpg,0.7320496,True
external,taipei,data/generalization/images/taipei/taipei_228.jpg,0.8366609,True
external,taipei,data/generalization/images/taipei/taipei_51.jpg,0.75457585,True
external,taipei,data/generalization/images/taipei/taipei_62.jpg,0.8383721,True
external,taipei,data/generalization/images/taipei/taipei_169.jpg,0.8308929,True
external,taipei,data/generalization/images/taipei/taipei_55.jpg,0.76820725,True
external,taipei,data/generalization/images/taipei/taipei_72.jpg,0.8408692,True
external,taipei,data/generalization/images/taipei/taipei_148.jpg,0.7592503,True
external,taipei,data/generalization/images/taipei/taipei_172.jpg,0.77790123,True
external,taipei,data/generalization/images/taipei/taipei_489.jpg,0.7841425,True
external,taipei,data/generalization/images/taipei/taipei_940.jpg,0.795278,True
external,taipei,data/generalization/images/taipei/taipei_2839.jpg,0.72525585,True
external,taipei,data/generalization/images/taipei/taipei_4994.jpg,0.79116654,True
external,taipei,data/generalization/images/taipei/taipei_173.jpg,0.7539716,True
external,taipei,data/generalization/images/taipei/taipei_472.jpg,0.8110125,True
external,taipei,data/generalization/images/taipei/taipei_488.jpg,0.7841425,True
external,taipei,data/generalization/images/taipei/taipei_829.jpg,0.7564671,True
external,taipei,data/generalization/images/taipei/taipei_1415.jpg,0.78028554,True
external,taipei,data/generalization/images/taipei/taipei_2090.jpg,0.73229027,True
external,taipei,data/generalization/images/taipei/taipei_2427.jpg,0.7813051,True
external,taipei,data/generalization/images/taipei/taipei_2533.jpg,0.7199023,True
external,taipei,data/generalization/images/taipei/taipei_2817.jpg,0.706568,True
external,taipei,data/generalization/images/taipei/taipei_2819.jpg,0.6675371,True
external,taipei,data/generalization/images/taipei/taipei_4569.jpg,0.7749607,True
external,taipei,data/generalization/images/taipei/taipei_4620.jpg,0.7149265,True
external,taipei,data/generalization/images/taipei/taipei_6242.jpg,0.83888096,True
external,taipei,data/generalization/images/taipei/taipei_131.jpg,0.69003594,True
external,taipei,data/generalization/images/taipei/taipei_154.jpg,0.7069308,True
external,taipei,data/generalization/images/taipei/taipei_254.jpg,0.6844319,True
external,taipei,data/generalization/images/taipei/taipei_463.jpg,0.77252924,True
external,taipei,data/generalization/images/taipei/taipei_467.jpg,0.7958033,True
external,taipei,data/generalization/images/taipei/taipei_471.jpg,0.7706533,True
external,taipei,data/generalization/images/taipei/taipei_482.jpg,0.81216604,True
external,taipei,data/generalization/images/taipei/taipei_833.jpg,0.76947194,True
external,taipei,data/generalization/images/taipei/taipei_896.jpg,0.70369154,True
external,taipei,data/generalization/images/taipei/taipei_935.jpg,0.8426775,True
external,taipei,data/generalization/images/taipei/taipei_945.jpg,0.73614097,True
external,taipei,data/generalization/images/taipei/taipei_1157.jpg,0.782677,True
external,taipei,data/generalization/images/taipei/taipei_1210.jpg,0.80299973,True
external,taipei,data/generalization/images/taipei/taipei_1417.jpg,0.7817816,True
external,taipei,data/generalization/images/taipei/taipei_1636.jpg,0.83498585,True
external,taipei,data/generalization/images/taipei/taipei_63.jpg,0.8040435,True
external,taipei,data/generalization/images/taipei/taipei_52.jpg,0.798314,True
external,taipei,data/generalization/images/taipei/taipei_2088.jpg,0.8257583,True
external,taipei,data/generalization/images/taipei/taipei_3250.jpg,0.7829577,True
external,taipei,data/generalization/images/taipei/taipei_8924.jpg,0.718397,True
external,taipei,data/generalization/images/taipei/taipei_1302.jpg,0.74194217,True
external,taipei,data/generalization/images/taipei/taipei_2241.jpg,0.8188621,True
external,taipei,data/generalization/images/taipei/taipei_3913.jpg,0.8297345,True
external,taipei,data/generalization/images/taipei/taipei_3677.jpg,0.7382058,True
external,taipei,data/generalization/images/taipei/taipei_3681.jpg,0.72596365,True
external,taipei,data/generalization/images/taipei/taipei_3687.jpg,0.77612746,True
external,taipei,data/generalization/images/taipei/taipei_9080.jpg,0.80625314,True
external,taipei,data/generalization/images/taipei/taipei_979.jpg,0.8019062,True
external,taipei,data/generalization/images/taipei/taipei_3433.jpg,0.7712529,True
external,taipei,data/generalization/images/taipei/taipei_10657.jpg,0.73744714,True
external,taipei,data/generalization/images/taipei/taipei_1301.jpg,0.72453415,True
external,taipei,data/generalization/images/taipei/taipei_4627.jpg,0.80534387,True
external,taipei,data/generalization/images/taipei/taipei_5549.jpg,0.79518294,True
external,taipei,data/generalization/images/taipei/taipei_9098.jpg,0.7907241,True
external,taipei,data/generalization/images/taipei/taipei_976.jpg,0.7492492,True
external,taipei,data/generalization/images/taipei/taipei_1722.jpg,0.8083007,True
external,taipei,data/generalization/images/taipei/taipei_3675.jpg,0.7435575,True
external,taipei,data/generalization/images/taipei/taipei_3782.jpg,0.7770308,True
external,taipei,data/generalization/images/taipei/taipei_7371.jpg,0.74214554,True
external,taipei,data/generalization/images/taipei/taipei_7547.jpg,0.81102276,True
external,taipei,data/generalization/images/taipei/taipei_8321.jpg,0.7613438,True
external,taipei,data/generalization/images/taipei/taipei_8787.jpg,0.70033693,True
external,taipei,data/generalization/images/taipei/taipei_9047.jpg,0.80175215,True
external,taipei,data/generalization/images/taipei/taipei_10409.jpg,0.77669895,True
external,taipei,data/generalization/images/taipei/taipei_21375.jpg,0.77979803,True
external,taipei,data/generalization/images/taipei/taipei_3475.jpg,0.8129524,True
external,taipei,data/generalization/images/taipei/taipei_3684.jpg,0.79413337,True
external,taipei,data/generalization/images/taipei/taipei_8603.jpg,0.75076926,True
external,taipei,data/generalization/images/taipei/taipei_9083.jpg,0.75833666,True
external,taipei,data/generalization/images/taipei/taipei_9101.jpg,0.7560232,True
external,taipei,data/generalization/images/taipei/taipei_10459.jpg,0.72559327,True
external,taipei,data/generalization/images/taipei/taipei_10633.jpg,0.7917027,True
external,taipei,data/generalization/images/taipei/taipei_16814.jpg,0.8008309,True
external,taipei,data/generalization/images/taipei/taipei_16830.jpg,0.75836885,True
external,taipei,data/generalization/images/taipei/taipei_21383.jpg,0.77323496,True
external,taipei,data/generalization/images/taipei/taipei_21401.jpg,0.7902299,True
external,taipei,data/generalization/images/taipei/taipei_22176.jpg,0.6957915,True
external,taipei,data/generalization/images/taipei/taipei_27260.jpg,0.68002003,True
external,taipei,data/generalization/images/taipei/taipei_32376.jpg,0.7703935,True
external,taipei,data/generalization/images/taipei/taipei_32387.jpg,0.6806871,True
external,taipei,data/generalization/images/taipei/taipei_36982.jpg,0.734233,True
external,taipei,data/generalization/images/taipei/taipei_65.jpg,0.7875302,True
external,taipei,data/generalization/images/taipei/taipei_3696.jpg,0.7148976,True
external,taipei,data/generalization/images/taipei/taipei_4025.jpg,0.76322615,True
external,taipei,data/generalization/images/taipei/taipei_4147.jpg,0.78487635,True
external,detroit,data/generalization/images/detroit/detroit_24933.jpg,0.44495022,False
external,detroit,data/generalization/images/detroit/detroit_24948.jpg,0.44544476,False
external,detroit,data/generalization/images/detroit/detroit_24934.jpg,0.44495022,False
external,detroit,data/generalization/images/detroit/detroit_24939.jpg,0.5299053,False
external,detroit,data/generalization/images/detroit/detroit_24949.jpg,0.4745621,False
external,detroit,data/generalization/images/detroit/detroit_24931.jpg,0.3999952,False
external,detroit,data/generalization/images/detroit/detroit_24947.jpg,0.47037202,False
external,detroit,data/generalization/images/detroit/detroit_24940.jpg,0.5299053,False
external,detroit,data/generalization/images/detroit/detroit_24942.jpg,0.4466259,False
external,detroit,data/generalization/images/detroit/detroit_24943.jpg,0.4466259,False
external,detroit,data/generalization/images/detroit/detroit_24946.jpg,0.3786347,False
external,detroit,data/generalization/images/detroit/detroit_24930.jpg,0.3999952,False
external,detroit,data/generalization/images/detroit/detroit_24996.jpg,0.38827944,False
external,detroit,data/generalization/images/detroit/detroit_25003.jpg,0.50209916,False
external,detroit,data/generalization/images/detroit/detroit_25007.jpg,0.3766812,False
external,detroit,data/generalization/images/detroit/detroit_24991.jpg,0.41592568,False
external,detroit,data/generalization/images/detroit/detroit_24993.jpg,0.38331574,False
external,detroit,data/generalization/images/detroit/detroit_24994.jpg,0.38187754,False
external,detroit,data/generalization/images/detroit/detroit_24997.jpg,0.4114825,False
external,detroit,data/generalization/images/detroit/detroit_25002.jpg,0.50209916,False
external,detroit,data/generalization/images/detroit/detroit_25270.jpg,0.4803524,False
external,detroit,data/generalization/images/detroit/detroit_25279.jpg,0.34017348,False
external,detroit,data/generalization/images/detroit/detroit_25431.jpg,0.4311875,False
external,detroit,data/generalization/images/detroit/detroit_25436.jpg,0.37571436,False
external,detroit,data/generalization/images/detroit/detroit_25445.jpg,0.40529442,False
external,detroit,data/generalization/images/detroit/detroit_26076.jpg,0.4065354,False
external,detroit,data/generalization/images/detroit/detroit_26080.jpg,0.43026865,False
external,detroit,data/generalization/images/detroit/detroit_26159.jpg,0.46827358,False
external,detroit,data/generalization/images/detroit/detroit_26263.jpg,0.37188697,False
external,detroit,data/generalization/images/detroit/detroit_26347.jpg,0.38439363,False
external,detroit,data/generalization/images/detroit/detroit_26870.jpg,0.63839996,True
external,detroit,data/generalization/images/detroit/detroit_25006.jpg,0.3766812,False
external,detroit,data/generalization/images/detroit/detroit_25276.jpg,0.41678602,False
external,detroit,data/generalization/images/detroit/detroit_25419.jpg,0.3629948,False
external,detroit,data/generalization/images/detroit/detroit_25427.jpg,0.4029469,False
external,detroit,data/generalization/images/detroit/detroit_25433.jpg,0.412965,False
external,detroit,data/generalization/images/detroit/detroit_25440.jpg,0.3648278,False
external,detroit,data/generalization/images/detroit/detroit_25442.jpg,0.34737325,False
external,detroit,data/generalization/images/detroit/detroit_25461.jpg,0.36209905,False
external,detroit,data/generalization/images/detroit/detroit_25480.jpg,0.3981039,False
external,detroit,data/generalization/images/detroit/detroit_25481.jpg,0.38700008,False
external,detroit,data/generalization/images/detroit/detroit_25598.jpg,0.36321038,False
external,detroit,data/generalization/images/detroit/detroit_25631.jpg,0.46641135,False
external,detroit,data/generalization/images/detroit/detroit_25676.jpg,0.41731495,False
external,detroit,data/generalization/images/detroit/detroit_25679.jpg,0.37796617,False
external,detroit,data/generalization/images/detroit/detroit_25684.jpg,0.4069957,False
external,detroit,data/generalization/images/detroit/detroit_25779.jpg,0.47266656,False
external,detroit,data/generalization/images/detroit/detroit_25811.jpg,0.36002767,False
external,detroit,data/generalization/images/detroit/detroit_25879.jpg,0.36192346,False
external,detroit,data/generalization/images/detroit/detroit_25893.jpg,0.377029,False
external,detroit,data/generalization/images/detroit/detroit_25903.jpg,0.48139,False
external,detroit,data/generalization/images/detroit/detroit_25908.jpg,0.6049608,False
external,detroit,data/generalization/images/detroit/detroit_25909.jpg,0.41778785,False
external,detroit,data/generalization/images/detroit/detroit_25957.jpg,0.39558995,False
external,detroit,data/generalization/images/detroit/detroit_25962.jpg,0.40384036,False
external,detroit,data/generalization/images/detroit/detroit_25991.jpg,0.6264136,True
external,detroit,data/generalization/images/detroit/detroit_26035.jpg,0.37466472,False
external,detroit,data/generalization/images/detroit/detroit_26037.jpg,0.44739568,False
external,detroit,data/generalization/images/detroit/detroit_26041.jpg,0.41664422,False
external,detroit,data/generalization/images/detroit/detroit_26046.jpg,0.39666945,False
external,detroit,data/generalization/images/detroit/detroit_25609.jpg,0.37223566,False
external,detroit,data/generalization/images/detroit/detroit_25673.jpg,0.37725782,False
external,detroit,data/generalization/images/detroit/detroit_25672.jpg,0.34147966,False
external,detroit,data/generalization/images/detroit/detroit_24992.jpg,0.38342845,False
external,detroit,data/generalization/images/detroit/detroit_25004.jpg,0.50209916,False
external,detroit,data/generalization/images/detroit/detroit_24999.jpg,0.37531352,False
external,detroit,data/generalization/images/detroit/detroit_25005.jpg,0.6094656,False
external,detroit,data/generalization/images/detroit/detroit_25737.jpg,0.41225302,False
external,detroit,data/generalization/images/detroit/detroit_26007.jpg,0.4347694,False
external,detroit,data/generalization/images/detroit/detroit_26387.jpg,0.58263946,False
external,detroit,data/generalization/images/detroit/detroit_24998.jpg,0.4114825,False
external,detroit,data/generalization/images/detroit/detroit_25636.jpg,0.38008887,False
external,detroit,data/generalization/images/detroit/detroit_25736.jpg,0.3009789,False
external,detroit,data/generalization/images/detroit/detroit_25739.jpg,0.42518556,False
external,detroit,data/generalization/images/detroit/detroit_25808.jpg,0.6739553,True
external,detroit,data/generalization/images/detroit/detroit_25881.jpg,0.34570736,False
external,detroit,data/generalization/images/detroit/detroit_26634.jpg,0.5345253,False
external,detroit,data/generalization/images/detroit/detroit_27035.jpg,0.32423288,False
external,detroit,data/generalization/images/detroit/detroit_27150.jpg,0.6074115,False
external,detroit,data/generalization/images/detroit/detroit_25731.jpg,0.40328485,False
external,detroit,data/generalization/images/detroit/detroit_25995.jpg,0.41116107,False
external,detroit,data/generalization/images/detroit/detroit_25997.jpg,0.32316393,False
external,detroit,data/generalization/images/detroit/detroit_26000.jpg,0.39599204,False
external,detroit,data/generalization/images/detroit/detroit_26004.jpg,0.4652611,False
external,detroit,data/generalization/images/detroit/detroit_26008.jpg,0.46001434,False
external,detroit,data/generalization/images/detroit/detroit_26009.jpg,0.39521122,False
external,detroit,data/generalization/images/detroit/detroit_26252.jpg,0.38850963,False
external,detroit,data/generalization/images/detroit/detroit_26386.jpg,0.58263963,False
external,detroit,data/generalization/images/detroit/detroit_26498.jpg,0.36854565,False
external,detroit,data/generalization/images/detroit/detroit_26959.jpg,0.34904343,False
external,detroit,data/generalization/images/detroit/detroit_26980.jpg,0.5014698,False
