image_id,image_path,city,ps_label,avg_p_yes,pred_binary,walking_cane_pred,walking_cane_p_yes,walker_pred,walker_p_yes,mobility_scooter_pred,mobility_scooter_p_yes,manual_wheelchair_pred,manual_wheelchair_p_yes,motorized_wheelchair_pred,motorized_wheelchair_p_yes,ps_class
pittsburgh_3909,data/generalization/images/pittsburgh/pittsburgh_3909.jpg,pittsburgh,CurbRamp,0.47561234,no,p_yes,0.48940453,p_no,0.42753673,p_yes,0.48432064,p_yes,0.48052558,p_yes,0.4962742,yes
pittsburgh_7319,data/generalization/images/pittsburgh/pittsburgh_7319.jpg,pittsburgh,CurbRamp,0.40095797,no,p_yes,0.4794025,p_no,0.3411181,p_no,0.38828337,p_no,0.40784568,p_no,0.3881401,yes
pittsburgh_8798,data/generalization/images/pittsburgh/pittsburgh_8798.jpg,pittsburgh,CurbRamp,0.6619853,yes,p_yes,0.6801357,p_yes,0.5977518,p_yes,0.6391632,p_yes,0.6989431,p_yes,0.6939325,yes
pittsburgh_15523,data/generalization/images/pittsburgh/pittsburgh_15523.jpg,pittsburgh,CurbRamp,0.79029065,yes,p_yes,0.8087849,p_yes,0.7695147,p_yes,0.7844454,p_yes,0.780213,p_yes,0.80849546,yes
pittsburgh_15527,data/generalization/images/pittsburgh/pittsburgh_15527.jpg,pittsburgh,CurbRamp,0.29544044,no,p_no,0.34434682,p_no,0.23474826,p_no,0.29854113,p_no,0.2897125,p_no,0.30985355,yes
pittsburgh_20,data/generalization/images/pittsburgh/pittsburgh_20.jpg,pittsburgh,CurbRamp,0.5392231,yes,p_yes,0.59905964,p_yes,0.49560001,p_yes,0.5121213,p_yes,0.5463859,p_yes,0.54294866,yes
pittsburgh_112,data/generalization/images/pittsburgh/pittsburgh_112.jpg,pittsburgh,CurbRamp,0.46501595,no,p_yes,0.5705594,p_no,0.38206965,p_yes,0.5291647,p_yes,0.485077,p_no,0.35820904,yes
pittsburgh_2024,data/generalization/images/pittsburgh/pittsburgh_2024.jpg,pittsburgh,CurbRamp,0.5695033,yes,p_yes,0.6068879,p_yes,0.49868798,p_yes,0.5991422,p_yes,0.5813361,p_yes,0.5614625,yes
pittsburgh_2025,data/generalization/images/pittsburgh/pittsburgh_2025.jpg,pittsburgh,CurbRamp,0.503819,yes,p_yes,0.60558987,p_no,0.4440112,p_yes,0.4587329,p_yes,0.4923568,p_yes,0.5184041,yes
pittsburgh_2147,data/generalization/images/pittsburgh/pittsburgh_2147.jpg,pittsburgh,CurbRamp,0.55214727,yes,p_yes,0.6281755,p_yes,0.5309375,p_yes,0.4890436,p_yes,0.5341937,p_yes,0.57838637,yes
pittsburgh_2178,data/generalization/images/pittsburgh/pittsburgh_2178.jpg,pittsburgh,CurbRamp,0.62465775,yes,p_yes,0.75542843,p_yes,0.6170572,p_yes,0.55166614,p_yes,0.599966,p_yes,0.59917104,yes
pittsburgh_2281,data/generalization/images/pittsburgh/pittsburgh_2281.jpg,pittsburgh,CurbRamp,0.29794866,no,p_no,0.28397202,p_no,0.24678716,p_no,0.31321263,p_no,0.32105416,p_no,0.32471728,yes
pittsburgh_2282,data/generalization/images/pittsburgh/pittsburgh_2282.jpg,pittsburgh,CurbRamp,0.42202696,no,p_no,0.435012,p_no,0.38752797,p_no,0.42844638,p_no,0.45853782,p_no,0.40061066,yes
pittsburgh_2511,data/generalization/images/pittsburgh/pittsburgh_2511.jpg,pittsburgh,CurbRamp,0.8260946,yes,p_yes,0.8632355,p_yes,0.81322587,p_yes,0.8180692,p_yes,0.835387,p_yes,0.8005554,yes
pittsburgh_2682,data/generalization/images/pittsburgh/pittsburgh_2682.jpg,pittsburgh,CurbRamp,0.46414232,no,p_yes,0.51940775,p_no,0.4154576,p_no,0.44558087,p_yes,0.5095978,p_no,0.4306676,yes
pittsburgh_2684,data/generalization/images/pittsburgh/pittsburgh_2684.jpg,pittsburgh,CurbRamp,0.32309416,no,p_no,0.31938836,p_no,0.2796899,p_no,0.37104452,p_no,0.3503085,p_no,0.29503942,yes
pittsburgh_2895,data/generalization/images/pittsburgh/pittsburgh_2895.jpg,pittsburgh,CurbRamp,0.7294843,yes,p_yes,0.81711555,p_yes,0.71352744,p_yes,0.6697906,p_yes,0.74321795,p_yes,0.70377,yes
pittsburgh_3112,data/generalization/images/pittsburgh/pittsburgh_3112.jpg,pittsburgh,CurbRamp,0.42529425,no,p_no,0.44911632,p_no,0.36177975,p_no,0.4039855,p_no,0.4316969,p_yes,0.47989288,yes
pittsburgh_4237,data/generalization/images/pittsburgh/pittsburgh_4237.jpg,pittsburgh,CurbRamp,0.5302049,yes,p_yes,0.5738802,p_no,0.48560572,p_yes,0.50210524,p_yes,0.58446574,p_yes,0.50496733,yes
pittsburgh_4625,data/generalization/images/pittsburgh/pittsburgh_4625.jpg,pittsburgh,CurbRamp,0.49249163,no,p_no,0.47982952,p_no,0.4399311,p_yes,0.4986447,p_yes,0.49505338,p_yes,0.54899955,yes
pittsburgh_4744,data/generalization/images/pittsburgh/pittsburgh_4744.jpg,pittsburgh,CurbRamp,0.45109695,no,p_no,0.41403052,p_no,0.42344457,p_yes,0.44762868,p_yes,0.49286768,p_yes,0.47751325,yes
pittsburgh_7953,data/generalization/images/pittsburgh/pittsburgh_7953.jpg,pittsburgh,CurbRamp,0.54769313,yes,p_yes,0.65985656,p_yes,0.53091496,p_yes,0.5732241,p_yes,0.51315033,p_yes,0.4613198,yes
pittsburgh_8070,data/generalization/images/pittsburgh/pittsburgh_8070.jpg,pittsburgh,CurbRamp,0.42519587,no,p_no,0.45170707,p_no,0.3805809,p_no,0.41701874,p_yes,0.45912787,p_no,0.4175448,yes
pittsburgh_8533,data/generalization/images/pittsburgh/pittsburgh_8533.jpg,pittsburgh,CurbRamp,0.7285535,yes,p_yes,0.7649864,p_yes,0.70405835,p_yes,0.7263298,p_yes,0.6911237,p_yes,0.75626934,yes
pittsburgh_8542,data/generalization/images/pittsburgh/pittsburgh_8542.jpg,pittsburgh,CurbRamp,0.77555573,yes,p_yes,0.80773777,p_yes,0.7429265,p_yes,0.73923266,p_yes,0.7953668,p_yes,0.7925148,yes
pittsburgh_10016,data/generalization/images/pittsburgh/pittsburgh_10016.jpg,pittsburgh,CurbRamp,0.51988095,yes,p_yes,0.53661275,p_yes,0.47809854,p_yes,0.5011265,p_yes,0.54097605,p_yes,0.5425912,yes
pittsburgh_14623,data/generalization/images/pittsburgh/pittsburgh_14623.jpg,pittsburgh,CurbRamp,0.51329386,yes,p_yes,0.5781712,p_yes,0.5013682,p_yes,0.47698867,p_yes,0.55952126,p_yes,0.4504201,yes
pittsburgh_14624,data/generalization/images/pittsburgh/pittsburgh_14624.jpg,pittsburgh,CurbRamp,0.53777546,yes,p_yes,0.5818696,p_yes,0.5070618,p_yes,0.5069003,p_yes,0.52509564,p_yes,0.56795007,yes
pittsburgh_14938,data/generalization/images/pittsburgh/pittsburgh_14938.jpg,pittsburgh,CurbRamp,0.70917094,yes,p_yes,0.7686551,p_yes,0.6563734,p_yes,0.7013797,p_yes,0.73254895,p_yes,0.6868975,yes
pittsburgh_14939,data/generalization/images/pittsburgh/pittsburgh_14939.jpg,pittsburgh,CurbRamp,0.70917094,yes,p_yes,0.7686551,p_yes,0.6563734,p_yes,0.7013797,p_yes,0.73254895,p_yes,0.6868975,yes
pittsburgh_15075,data/generalization/images/pittsburgh/pittsburgh_15075.jpg,pittsburgh,CurbRamp,0.48213822,no,p_yes,0.4810776,p_no,0.43891653,p_yes,0.5200399,p_yes,0.56313664,p_no,0.4075202,yes
pittsburgh_15520,data/generalization/images/pittsburgh/pittsburgh_15520.jpg,pittsburgh,CurbRamp,0.6032747,yes,p_yes,0.6460777,p_yes,0.51751935,p_yes,0.67461795,p_yes,0.57171583,p_yes,0.6064424,yes
pittsburgh_16204,data/generalization/images/pittsburgh/pittsburgh_16204.jpg,pittsburgh,CurbRamp,0.6429788,yes,p_yes,0.70109487,p_yes,0.6287911,p_yes,0.66917896,p_yes,0.63229126,p_yes,0.5835376,yes
pittsburgh_18027,data/generalization/images/pittsburgh/pittsburgh_18027.jpg,pittsburgh,CurbRamp,0.54027426,yes,p_yes,0.5759509,p_yes,0.51834947,p_yes,0.487116,p_yes,0.54787606,p_yes,0.5720787,yes
pittsburgh_18028,data/generalization/images/pittsburgh/pittsburgh_18028.jpg,pittsburgh,CurbRamp,0.54027426,yes,p_yes,0.5759509,p_yes,0.51834947,p_yes,0.487116,p_yes,0.54787606,p_yes,0.5720787,yes
pittsburgh_23783,data/generalization/images/pittsburgh/pittsburgh_23783.jpg,pittsburgh,CurbRamp,0.64577705,yes,p_yes,0.7085275,p_yes,0.6179511,p_yes,0.63612175,p_yes,0.62003696,p_yes,0.6462478,yes
pittsburgh_23801,data/generalization/images/pittsburgh/pittsburgh_23801.jpg,pittsburgh,CurbRamp,0.4443256,no,p_no,0.46764323,p_no,0.41314694,p_no,0.47409204,p_no,0.44328257,p_no,0.42346308,yes
pittsburgh_21,data/generalization/images/pittsburgh/pittsburgh_21.jpg,pittsburgh,CurbRamp,0.69723755,yes,p_yes,0.765628,p_yes,0.6613225,p_yes,0.708636,p_yes,0.6769118,p_yes,0.6736893,yes
pittsburgh_24,data/generalization/images/pittsburgh/pittsburgh_24.jpg,pittsburgh,CurbRamp,0.86530876,yes,p_yes,0.9277018,p_yes,0.8309477,p_yes,0.855095,p_yes,0.8890642,p_yes,0.82373536,yes
pittsburgh_109,data/generalization/images/pittsburgh/pittsburgh_109.jpg,pittsburgh,CurbRamp,0.47797966,no,p_yes,0.56366867,p_no,0.37729248,p_yes,0.47517186,p_yes,0.5200695,p_yes,0.453696,yes
pittsburgh_111,data/generalization/images/pittsburgh/pittsburgh_111.jpg,pittsburgh,CurbRamp,0.5982243,yes,p_yes,0.6896455,p_yes,0.5274102,p_yes,0.6039739,p_yes,0.605536,p_yes,0.5645557,yes
pittsburgh_113,data/generalization/images/pittsburgh/pittsburgh_113.jpg,pittsburgh,CurbRamp,0.44952255,no,p_yes,0.5413101,p_no,0.36618814,p_yes,0.5331383,p_no,0.44852316,p_no,0.35845298,yes
pittsburgh_176,data/generalization/images/pittsburgh/pittsburgh_176.jpg,pittsburgh,CurbRamp,0.55858123,yes,p_yes,0.6299956,p_yes,0.5090087,p_yes,0.5782525,p_yes,0.57790214,p_yes,0.49774742,yes
pittsburgh_1134,data/generalization/images/pittsburgh/pittsburgh_1134.jpg,pittsburgh,CurbRamp,0.6455057,yes,p_yes,0.6462406,p_yes,0.5843965,p_yes,0.5410145,p_yes,0.68031913,p_yes,0.7755579,yes
pittsburgh_1218,data/generalization/images/pittsburgh/pittsburgh_1218.jpg,pittsburgh,CurbRamp,0.6641897,yes,p_yes,0.6881049,p_yes,0.6080492,p_yes,0.6390997,p_yes,0.64956385,p_yes,0.73613095,yes
pittsburgh_1222,data/generalization/images/pittsburgh/pittsburgh_1222.jpg,pittsburgh,CurbRamp,0.6534483,yes,p_yes,0.62002474,p_yes,0.62297446,p_yes,0.655251,p_yes,0.65612674,p_yes,0.7128645,yes
pittsburgh_2056,data/generalization/images/pittsburgh/pittsburgh_2056.jpg,pittsburgh,CurbRamp,0.48432237,no,p_no,0.40342477,p_no,0.44749916,p_no,0.42387825,p_yes,0.5472462,p_yes,0.5995635,yes
pittsburgh_2092,data/generalization/images/pittsburgh/pittsburgh_2092.jpg,pittsburgh,CurbRamp,0.78616595,yes,p_yes,0.8801365,p_yes,0.7496738,p_yes,0.7243429,p_yes,0.80092454,p_yes,0.775752,yes
pittsburgh_2093,data/generalization/images/pittsburgh/pittsburgh_2093.jpg,pittsburgh,CurbRamp,0.47233516,no,p_yes,0.56636345,p_no,0.41196436,p_no,0.41778946,p_yes,0.46241426,p_yes,0.50314415,yes
pittsburgh_2159,data/generalization/images/pittsburgh/pittsburgh_2159.jpg,pittsburgh,CurbRamp,0.7053371,yes,p_yes,0.79014283,p_yes,0.71781236,p_yes,0.66504544,p_yes,0.6399942,p_yes,0.7136907,yes
pittsburgh_2161,data/generalization/images/pittsburgh/pittsburgh_2161.jpg,pittsburgh,CurbRamp,0.5102719,yes,p_yes,0.5869907,p_no,0.45977136,p_yes,0.49853808,p_yes,0.49781483,p_yes,0.50824463,yes
pittsburgh_2173,data/generalization/images/pittsburgh/pittsburgh_2173.jpg,pittsburgh,CurbRamp,0.5139762,yes,p_yes,0.58073926,p_no,0.45178738,p_no,0.4541754,p_yes,0.5103585,p_yes,0.5728205,yes
pittsburgh_2175,data/generalization/images/pittsburgh/pittsburgh_2175.jpg,pittsburgh,CurbRamp,0.53680325,yes,p_yes,0.5238978,p_yes,0.5338678,p_yes,0.4977053,p_yes,0.5488981,p_yes,0.57964694,yes
pittsburgh_2276,data/generalization/images/pittsburgh/pittsburgh_2276.jpg,pittsburgh,CurbRamp,0.3739242,no,p_no,0.34161434,p_no,0.35692242,p_no,0.39882392,p_no,0.39786497,p_no,0.37439552,yes
pittsburgh_2393,data/generalization/images/pittsburgh/pittsburgh_2393.jpg,pittsburgh,CurbRamp,0.47656566,no,p_yes,0.5658795,p_no,0.43335035,p_yes,0.45770916,p_yes,0.4508484,p_yes,0.4750406,yes
pittsburgh_2455,data/generalization/images/pittsburgh/pittsburgh_2455.jpg,pittsburgh,CurbRamp,0.59691703,yes,p_yes,0.6369508,p_yes,0.52904475,p_yes,0.59244186,p_yes,0.58764946,p_yes,0.63849807,yes
pittsburgh_2457,data/generalization/images/pittsburgh/pittsburgh_2457.jpg,pittsburgh,CurbRamp,0.5544687,yes,p_yes,0.6079202,p_yes,0.5052538,p_yes,0.5403021,p_yes,0.54744244,p_yes,0.571425,yes
pittsburgh_2461,data/generalization/images/pittsburgh/pittsburgh_2461.jpg,pittsburgh,CurbRamp,0.6507324,yes,p_yes,0.71473897,p_yes,0.61158323,p_yes,0.5801979,p_yes,0.65968275,p_yes,0.6874591,yes
pittsburgh_2509,data/generalization/images/pittsburgh/pittsburgh_2509.jpg,pittsburgh,CurbRamp,0.45097297,no,p_no,0.4589965,p_no,0.42310444,p_no,0.42751104,p_no,0.42232308,p_yes,0.5229297,yes
pittsburgh_2510,data/generalization/images/pittsburgh/pittsburgh_2510.jpg,pittsburgh,CurbRamp,0.45097297,no,p_no,0.4589965,p_no,0.42310444,p_no,0.42751104,p_no,0.42232308,p_yes,0.5229297,yes
pittsburgh_2566,data/generalization/images/pittsburgh/pittsburgh_2566.jpg,pittsburgh,CurbRamp,0.31926042,no,p_no,0.37373734,p_no,0.28778824,p_no,0.32668686,p_no,0.3364092,p_no,0.27168038,yes
pittsburgh_2569,data/generalization/images/pittsburgh/pittsburgh_2569.jpg,pittsburgh,CurbRamp,0.509256,yes,p_yes,0.49055275,p_no,0.48325044,p_no,0.47773722,p_yes,0.49961013,p_yes,0.5951295,yes
pittsburgh_2830,data/generalization/images/pittsburgh/pittsburgh_2830.jpg,pittsburgh,CurbRamp,0.3742783,no,p_no,0.3588941,p_no,0.3543783,p_no,0.40166926,p_no,0.3708045,p_no,0.38564533,yes
pittsburgh_3033,data/generalization/images/pittsburgh/pittsburgh_3033.jpg,pittsburgh,CurbRamp,0.6722964,yes,p_yes,0.7144378,p_yes,0.67390037,p_yes,0.64086807,p_yes,0.6494617,p_yes,0.68281424,yes
pittsburgh_3035,data/generalization/images/pittsburgh/pittsburgh_3035.jpg,pittsburgh,CurbRamp,0.55426925,yes,p_yes,0.5850547,p_yes,0.51753676,p_yes,0.45075577,p_yes,0.5597678,p_yes,0.6582313,yes
pittsburgh_3128,data/generalization/images/pittsburgh/pittsburgh_3128.jpg,pittsburgh,CurbRamp,0.35504222,no,p_no,0.37458965,p_no,0.3059381,p_no,0.32760477,p_no,0.38472825,p_no,0.38235041,yes
pittsburgh_3131,data/generalization/images/pittsburgh/pittsburgh_3131.jpg,pittsburgh,CurbRamp,0.57910043,yes,p_yes,0.6499422,p_yes,0.51126885,p_yes,0.50696677,p_yes,0.5916658,p_yes,0.6356586,yes
pittsburgh_3137,data/generalization/images/pittsburgh/pittsburgh_3137.jpg,pittsburgh,CurbRamp,0.4121782,no,p_no,0.41867343,p_no,0.37921575,p_no,0.40537566,p_no,0.38235658,p_yes,0.47526953,yes
pittsburgh_3162,data/generalization/images/pittsburgh/pittsburgh_3162.jpg,pittsburgh,CurbRamp,0.6310763,yes,p_yes,0.7543122,p_yes,0.5936777,p_yes,0.6342931,p_yes,0.62730503,p_yes,0.54579335,yes
pittsburgh_3782,data/generalization/images/pittsburgh/pittsburgh_3782.jpg,pittsburgh,CurbRamp,0.49811086,no,p_yes,0.53310305,p_no,0.42923826,p_no,0.42458555,p_yes,0.5104643,p_yes,0.59316313,yes
pittsburgh_3784,data/generalization/images/pittsburgh/pittsburgh_3784.jpg,pittsburgh,CurbRamp,0.45234123,no,p_no,0.46282157,p_no,0.4130838,p_yes,0.5102684,p_no,0.43489426,p_yes,0.44063812,yes
pittsburgh_3802,data/generalization/images/pittsburgh/pittsburgh_3802.jpg,pittsburgh,CurbRamp,0.5061092,yes,p_yes,0.49406675,p_no,0.46919417,p_no,0.46247628,p_yes,0.5318211,p_yes,0.5729878,yes
pittsburgh_3861,data/generalization/images/pittsburgh/pittsburgh_3861.jpg,pittsburgh,CurbRamp,0.4499673,no,p_yes,0.48275325,p_no,0.37184408,p_no,0.4468028,p_yes,0.46435297,p_yes,0.4840832,yes
pittsburgh_3902,data/generalization/images/pittsburgh/pittsburgh_3902.jpg,pittsburgh,CurbRamp,0.41598734,no,p_no,0.397329,p_no,0.3707309,p_yes,0.50504607,p_no,0.42179197,p_no,0.38503876,yes
pittsburgh_3911,data/generalization/images/pittsburgh/pittsburgh_3911.jpg,pittsburgh,CurbRamp,0.50377005,yes,p_yes,0.53575575,p_no,0.47351882,p_yes,0.5391916,p_yes,0.48022106,p_yes,0.49016303,yes
pittsburgh_3913,data/generalization/images/pittsburgh/pittsburgh_3913.jpg,pittsburgh,CurbRamp,0.49806947,no,p_yes,0.5010969,p_no,0.45977244,p_yes,0.5010951,p_yes,0.48324353,p_yes,0.54513943,yes
pittsburgh_4496,data/generalization/images/pittsburgh/pittsburgh_4496.jpg,pittsburgh,CurbRamp,0.46881524,no,p_yes,0.49420598,p_no,0.39569724,p_no,0.40792686,p_yes,0.4696272,p_yes,0.5766189,yes
pittsburgh_4623,data/generalization/images/pittsburgh/pittsburgh_4623.jpg,pittsburgh,CurbRamp,0.55186,yes,p_yes,0.4923093,p_no,0.4659603,p_yes,0.55712366,p_yes,0.5942871,p_yes,0.6496195,yes
pittsburgh_4665,data/generalization/images/pittsburgh/pittsburgh_4665.jpg,pittsburgh,CurbRamp,0.65839946,yes,p_yes,0.71821254,p_yes,0.62578696,p_yes,0.6258358,p_yes,0.64972705,p_yes,0.672435,yes
pittsburgh_4743,data/generalization/images/pittsburgh/pittsburgh_4743.jpg,pittsburgh,CurbRamp,0.41765124,no,p_no,0.42329448,p_no,0.3739606,p_no,0.43694693,p_no,0.44084716,p_no,0.41320702,yes
pittsburgh_4797,data/generalization/images/pittsburgh/pittsburgh_4797.jpg,pittsburgh,CurbRamp,0.62991995,yes,p_yes,0.65600127,p_yes,0.61164093,p_yes,0.6469392,p_yes,0.59032005,p_yes,0.6446981,yes
pittsburgh_7121,data/generalization/images/pittsburgh/pittsburgh_7121.jpg,pittsburgh,CurbRamp,0.58192366,yes,p_yes,0.6268749,p_yes,0.57024115,p_yes,0.58851093,p_yes,0.53742063,p_yes,0.5865707,yes
pittsburgh_7303,data/generalization/images/pittsburgh/pittsburgh_7303.jpg,pittsburgh,CurbRamp,0.79365957,yes,p_yes,0.8086185,p_yes,0.764153,p_yes,0.8070684,p_yes,0.790164,p_yes,0.79829407,yes
pittsburgh_7315,data/generalization/images/pittsburgh/pittsburgh_7315.jpg,pittsburgh,CurbRamp,0.6627235,yes,p_yes,0.7519168,p_yes,0.6141625,p_yes,0.6567007,p_yes,0.6663435,p_yes,0.624494,yes
pittsburgh_7317,data/generalization/images/pittsburgh/pittsburgh_7317.jpg,pittsburgh,CurbRamp,0.44592944,no,p_yes,0.50626695,p_no,0.38200307,p_yes,0.5058485,p_no,0.4514609,p_no,0.38406768,yes
pittsburgh_7380,data/generalization/images/pittsburgh/pittsburgh_7380.jpg,pittsburgh,CurbRamp,0.7407675,yes,p_yes,0.7863508,p_yes,0.73450065,p_yes,0.7571599,p_yes,0.6924311,p_yes,0.73339504,yes
pittsburgh_7625,data/generalization/images/pittsburgh/pittsburgh_7625.jpg,pittsburgh,CurbRamp,0.64087725,yes,p_yes,0.6497828,p_yes,0.6305092,p_yes,0.6608964,p_yes,0.6307717,p_yes,0.6324259,yes
pittsburgh_7761,data/generalization/images/pittsburgh/pittsburgh_7761.jpg,pittsburgh,CurbRamp,0.5451244,yes,p_yes,0.63121206,p_yes,0.5054621,p_yes,0.53986067,p_yes,0.5328508,p_yes,0.5162364,yes
pittsburgh_7844,data/generalization/images/pittsburgh/pittsburgh_7844.jpg,pittsburgh,CurbRamp,0.76387537,yes,p_yes,0.79297453,p_yes,0.7549836,p_yes,0.7048944,p_yes,0.7690428,p_yes,0.79748183,yes
pittsburgh_8023,data/generalization/images/pittsburgh/pittsburgh_8023.jpg,pittsburgh,CurbRamp,0.7331216,yes,p_yes,0.7540845,p_yes,0.6814984,p_yes,0.7462307,p_yes,0.7700262,p_yes,0.71376806,yes
pittsburgh_8538,data/generalization/images/pittsburgh/pittsburgh_8538.jpg,pittsburgh,CurbRamp,0.49493617,no,p_yes,0.5114442,p_no,0.4430136,p_yes,0.4961778,p_yes,0.547989,p_yes,0.4760563,yes
pittsburgh_8545,data/generalization/images/pittsburgh/pittsburgh_8545.jpg,pittsburgh,CurbRamp,0.51202744,yes,p_yes,0.562624,p_no,0.4684569,p_yes,0.47620746,p_yes,0.54271466,p_yes,0.5101341,yes
pittsburgh_8748,data/generalization/images/pittsburgh/pittsburgh_8748.jpg,pittsburgh,CurbRamp,0.7727262,yes,p_yes,0.76703084,p_yes,0.7908045,p_yes,0.7614956,p_yes,0.7563643,p_yes,0.78793555,yes
pittsburgh_8754,data/generalization/images/pittsburgh/pittsburgh_8754.jpg,pittsburgh,CurbRamp,0.39151996,no,p_no,0.42688793,p_no,0.3261192,p_no,0.39342597,p_yes,0.42648166,p_no,0.3846851,yes
pittsburgh_10017,data/generalization/images/pittsburgh/pittsburgh_10017.jpg,pittsburgh,CurbRamp,0.51988095,yes,p_yes,0.53661275,p_yes,0.47809854,p_yes,0.5011265,p_yes,0.54097605,p_yes,0.5425912,yes
pittsburgh_10975,data/generalization/images/pittsburgh/pittsburgh_10975.jpg,pittsburgh,CurbRamp,0.65757215,yes,p_yes,0.7117986,p_yes,0.616223,p_yes,0.6099343,p_yes,0.663575,p_yes,0.68633014,yes
pittsburgh_11616,data/generalization/images/pittsburgh/pittsburgh_11616.jpg,pittsburgh,CurbRamp,0.5975639,yes,p_yes,0.58936745,p_yes,0.5903024,p_yes,0.6007295,p_yes,0.6121901,p_yes,0.59523004,yes
pittsburgh_11617,data/generalization/images/pittsburgh/pittsburgh_11617.jpg,pittsburgh,CurbRamp,0.8153285,yes,p_yes,0.84822685,p_yes,0.83024997,p_yes,0.7924622,p_yes,0.78416437,p_yes,0.82153904,yes
pittsburgh_11619,data/generalization/images/pittsburgh/pittsburgh_11619.jpg,pittsburgh,CurbRamp,0.8837067,yes,p_yes,0.9116709,p_yes,0.8763342,p_yes,0.867081,p_yes,0.8671657,p_yes,0.89628154,yes
pittsburgh_4229,data/generalization/images/pittsburgh/pittsburgh_4229.jpg,pittsburgh,NoCurbRamp,0.64465696,yes,p_yes,0.6414939,p_yes,0.6283951,p_yes,0.6740762,p_yes,0.633263,p_yes,0.6460568,no
pittsburgh_102,data/generalization/images/pittsburgh/pittsburgh_102.jpg,pittsburgh,NoCurbRamp,0.73074186,yes,p_yes,0.78054905,p_yes,0.7121562,p_yes,0.7477554,p_yes,0.76268005,p_yes,0.6505684,no
pittsburgh_32,data/generalization/images/pittsburgh/pittsburgh_32.jpg,pittsburgh,NoCurbRamp,0.7108309,yes,p_yes,0.7610151,p_yes,0.6945395,p_yes,0.71230495,p_yes,0.6776651,p_yes,0.7086299,no
pittsburgh_17981,data/generalization/images/pittsburgh/pittsburgh_17981.jpg,pittsburgh,NoCurbRamp,0.48653287,no,p_no,0.41807708,p_yes,0.4684069,p_yes,0.45863247,p_yes,0.5191776,p_yes,0.5683703,no
pittsburgh_8532,data/generalization/images/pittsburgh/pittsburgh_8532.jpg,pittsburgh,NoCurbRamp,0.6396446,yes,p_yes,0.6310452,p_yes,0.63325477,p_yes,0.6489659,p_yes,0.6199057,p_yes,0.6650516,no
pittsburgh_15078,data/generalization/images/pittsburgh/pittsburgh_15078.jpg,pittsburgh,NoCurbRamp,0.5283719,yes,p_yes,0.48832977,p_no,0.43181145,p_yes,0.5595527,p_yes,0.58421195,p_yes,0.5779536,no
pittsburgh_20958,data/generalization/images/pittsburgh/pittsburgh_20958.jpg,pittsburgh,NoCurbRamp,0.46481118,no,p_no,0.4513945,p_no,0.4071461,p_yes,0.47859967,p_yes,0.48919275,p_yes,0.49772292,no
pittsburgh_33,data/generalization/images/pittsburgh/pittsburgh_33.jpg,pittsburgh,NoCurbRamp,0.8577668,yes,p_yes,0.9148349,p_yes,0.8228782,p_yes,0.8664646,p_yes,0.86942416,p_yes,0.81523234,no
pittsburgh_101,data/generalization/images/pittsburgh/pittsburgh_101.jpg,pittsburgh,NoCurbRamp,0.47176132,no,p_yes,0.5190499,p_no,0.42911744,p_yes,0.48718667,p_yes,0.476288,p_yes,0.44716477,no
pittsburgh_3639,data/generalization/images/pittsburgh/pittsburgh_3639.jpg,pittsburgh,NoCurbRamp,0.76247734,yes,p_yes,0.80597293,p_yes,0.7480944,p_yes,0.7559376,p_yes,0.75969636,p_yes,0.7426856,no
pittsburgh_7451,data/generalization/images/pittsburgh/pittsburgh_7451.jpg,pittsburgh,NoCurbRamp,0.7309801,yes,p_yes,0.8147236,p_yes,0.72189695,p_yes,0.73923105,p_yes,0.69429886,p_yes,0.6847501,no
pittsburgh_8346,data/generalization/images/pittsburgh/pittsburgh_8346.jpg,pittsburgh,NoCurbRamp,0.35781687,no,p_no,0.3121638,p_no,0.3217057,p_no,0.3590264,p_no,0.3997887,p_no,0.3963997,no
pittsburgh_13408,data/generalization/images/pittsburgh/pittsburgh_13408.jpg,pittsburgh,NoCurbRamp,0.45072857,no,p_no,0.43045616,p_no,0.41141462,p_yes,0.4359348,p_yes,0.4722064,p_yes,0.5036309,no
pittsburgh_18045,data/generalization/images/pittsburgh/pittsburgh_18045.jpg,pittsburgh,NoCurbRamp,0.27582398,no,p_no,0.3095628,p_no,0.24959928,p_no,0.29323384,p_no,0.28621158,p_no,0.24051234,no
pittsburgh_23963,data/generalization/images/pittsburgh/pittsburgh_23963.jpg,pittsburgh,NoCurbRamp,0.5661543,yes,p_yes,0.5916408,p_yes,0.5127629,p_yes,0.6182458,p_yes,0.584194,p_yes,0.5239278,no
pittsburgh_1221,data/generalization/images/pittsburgh/pittsburgh_1221.jpg,pittsburgh,NoCurbRamp,0.45257035,no,p_no,0.39296207,p_no,0.39413077,p_yes,0.52025026,p_no,0.44851926,p_yes,0.5069896,no
pittsburgh_8337,data/generalization/images/pittsburgh/pittsburgh_8337.jpg,pittsburgh,NoCurbRamp,0.42271075,no,p_no,0.45654806,p_no,0.3975773,p_no,0.39784753,p_yes,0.4325796,p_yes,0.42900124,no
pittsburgh_13230,data/generalization/images/pittsburgh/pittsburgh_13230.jpg,pittsburgh,NoCurbRamp,0.5414176,yes,p_no,0.46822712,p_yes,0.4917745,p_yes,0.65751064,p_yes,0.5881157,p_yes,0.50146,no
pittsburgh_20145,data/generalization/images/pittsburgh/pittsburgh_20145.jpg,pittsburgh,NoCurbRamp,0.49822682,no,p_yes,0.52440345,p_no,0.44298872,p_yes,0.4851836,p_yes,0.5333037,p_yes,0.50525475,no
pittsburgh_2896,data/generalization/images/pittsburgh/pittsburgh_2896.jpg,pittsburgh,NoCurbRamp,0.6276456,yes,p_yes,0.65000105,p_yes,0.59173334,p_yes,0.5775589,p_yes,0.671427,p_yes,0.64750785,no
pittsburgh_7247,data/generalization/images/pittsburgh/pittsburgh_7247.jpg,pittsburgh,NoCurbRamp,0.6544024,yes,p_yes,0.72014856,p_yes,0.58051455,p_yes,0.5863704,p_yes,0.6815584,p_yes,0.70341986,no
pittsburgh_7249,data/generalization/images/pittsburgh/pittsburgh_7249.jpg,pittsburgh,NoCurbRamp,0.4147474,no,p_yes,0.4780131,p_no,0.39171574,p_no,0.3446529,p_no,0.42069548,p_no,0.43865976,no
pittsburgh_16185,data/generalization/images/pittsburgh/pittsburgh_16185.jpg,pittsburgh,NoCurbRamp,0.36084515,no,p_no,0.45684993,p_no,0.30883083,p_no,0.41333413,p_no,0.34488738,p_no,0.28032342,no
pittsburgh_16205,data/generalization/images/pittsburgh/pittsburgh_16205.jpg,pittsburgh,NoCurbRamp,0.6429788,yes,p_yes,0.70109487,p_yes,0.6287911,p_yes,0.66917896,p_yes,0.63229126,p_yes,0.5835376,no
pittsburgh_20162,data/generalization/images/pittsburgh/pittsburgh_20162.jpg,pittsburgh,NoCurbRamp,0.4104197,no,p_yes,0.4978537,p_no,0.3539656,p_no,0.43329585,p_no,0.40603635,p_no,0.36094707,no
pittsburgh_20966,data/generalization/images/pittsburgh/pittsburgh_20966.jpg,pittsburgh,NoCurbRamp,0.43701345,no,p_no,0.44131532,p_no,0.39260784,p_no,0.41816193,p_yes,0.45970708,p_yes,0.47327483,no
pittsburgh_24139,data/generalization/images/pittsburgh/pittsburgh_24139.jpg,pittsburgh,NoCurbRamp,0.5345672,yes,p_yes,0.55372775,p_yes,0.5088866,p_yes,0.53953683,p_yes,0.5979683,p_yes,0.47271642,no
pittsburgh_28213,data/generalization/images/pittsburgh/pittsburgh_28213.jpg,pittsburgh,NoCurbRamp,0.40394706,no,p_no,0.41457456,p_no,0.37271577,p_no,0.37361413,p_no,0.3952473,p_yes,0.46358368,no
pittsburgh_2410,data/generalization/images/pittsburgh/pittsburgh_2410.jpg,pittsburgh,NoCurbRamp,0.5836987,yes,p_yes,0.590668,p_yes,0.5227527,p_yes,0.5079536,p_yes,0.5951244,p_yes,0.7019946,no
pittsburgh_4230,data/generalization/images/pittsburgh/pittsburgh_4230.jpg,pittsburgh,NoCurbRamp,0.70281124,yes,p_yes,0.73695093,p_yes,0.6648604,p_yes,0.7088102,p_yes,0.68098104,p_yes,0.7224536,no
pittsburgh_13456,data/generalization/images/pittsburgh/pittsburgh_13456.jpg,pittsburgh,NoCurbRamp,0.58226764,yes,p_yes,0.5863554,p_yes,0.5131278,p_yes,0.6168311,p_yes,0.60261697,p_yes,0.5924071,no
pittsburgh_13472,data/generalization/images/pittsburgh/pittsburgh_13472.jpg,pittsburgh,NoCurbRamp,0.58004725,yes,p_yes,0.53202635,p_yes,0.5438014,p_yes,0.5438296,p_yes,0.6232039,p_yes,0.657375,no
pittsburgh_15073,data/generalization/images/pittsburgh/pittsburgh_15073.jpg,pittsburgh,NoCurbRamp,0.7389935,yes,p_yes,0.7286933,p_yes,0.6767123,p_yes,0.710988,p_yes,0.80690163,p_yes,0.77167237,no
pittsburgh_15162,data/generalization/images/pittsburgh/pittsburgh_15162.jpg,pittsburgh,NoCurbRamp,0.58023703,yes,p_yes,0.5684316,p_yes,0.5276432,p_yes,0.5407478,p_yes,0.59648675,p_yes,0.6678757,no
pittsburgh_16175,data/generalization/images/pittsburgh/pittsburgh_16175.jpg,pittsburgh,NoCurbRamp,0.43287176,no,p_yes,0.4861885,p_no,0.40679127,p_no,0.44071975,p_no,0.42274716,p_no,0.40791228,no
pittsburgh_16214,data/generalization/images/pittsburgh/pittsburgh_16214.jpg,pittsburgh,NoCurbRamp,0.7020544,yes,p_yes,0.73723704,p_yes,0.68293095,p_yes,0.7432687,p_yes,0.7023161,p_yes,0.6445194,no
pittsburgh_19715,data/generalization/images/pittsburgh/pittsburgh_19715.jpg,pittsburgh,NoCurbRamp,0.8239294,yes,p_yes,0.89578843,p_yes,0.81284523,p_yes,0.7851964,p_yes,0.7779579,p_yes,0.847859,no
pittsburgh_20131,data/generalization/images/pittsburgh/pittsburgh_20131.jpg,pittsburgh,NoCurbRamp,0.4392604,no,p_yes,0.46386433,p_no,0.41409996,p_yes,0.4742711,p_yes,0.46673647,p_no,0.37733027,no
pittsburgh_20965,data/generalization/images/pittsburgh/pittsburgh_20965.jpg,pittsburgh,NoCurbRamp,0.4176093,no,p_yes,0.5054306,p_no,0.3796232,p_yes,0.4347241,p_yes,0.4130221,p_no,0.3552466,no
pittsburgh_23961,data/generalization/images/pittsburgh/pittsburgh_23961.jpg,pittsburgh,NoCurbRamp,0.48091474,no,p_yes,0.55161107,p_no,0.39620662,p_yes,0.49877882,p_yes,0.4783881,p_yes,0.4795892,no
pittsburgh_24140,data/generalization/images/pittsburgh/pittsburgh_24140.jpg,pittsburgh,NoCurbRamp,0.5345672,yes,p_yes,0.55372775,p_yes,0.5088866,p_yes,0.53953683,p_yes,0.5979683,p_yes,0.47271642,no
pittsburgh_28238,data/generalization/images/pittsburgh/pittsburgh_28238.jpg,pittsburgh,NoCurbRamp,0.407133,no,p_yes,0.48684454,p_no,0.36150244,p_no,0.41695872,p_no,0.37620357,p_no,0.39415586,no
pittsburgh_28251,data/generalization/images/pittsburgh/pittsburgh_28251.jpg,pittsburgh,NoCurbRamp,0.56478125,yes,p_yes,0.59365475,p_yes,0.52848595,p_yes,0.57712275,p_yes,0.5582916,p_yes,0.5663511,no
pittsburgh_4158,data/generalization/images/pittsburgh/pittsburgh_4158.jpg,pittsburgh,NoCurbRamp,0.66846496,yes,p_yes,0.66424304,p_yes,0.6062735,p_yes,0.62797844,p_yes,0.75021994,p_yes,0.6936097,no
pittsburgh_7116,data/generalization/images/pittsburgh/pittsburgh_7116.jpg,pittsburgh,NoCurbRamp,0.7197926,yes,p_yes,0.7969833,p_yes,0.676224,p_yes,0.6973313,p_yes,0.74183947,p_yes,0.6865852,no
pittsburgh_7269,data/generalization/images/pittsburgh/pittsburgh_7269.jpg,pittsburgh,NoCurbRamp,0.7919059,yes,p_yes,0.8439122,p_yes,0.8097986,p_yes,0.7671593,p_yes,0.78845066,p_yes,0.7502085,no
pittsburgh_8026,data/generalization/images/pittsburgh/pittsburgh_8026.jpg,pittsburgh,NoCurbRamp,0.65603083,yes,p_yes,0.64059496,p_yes,0.5812129,p_yes,0.6612649,p_yes,0.7002228,p_yes,0.69685876,no
pittsburgh_8349,data/generalization/images/pittsburgh/pittsburgh_8349.jpg,pittsburgh,NoCurbRamp,0.26244196,no,p_no,0.29147312,p_no,0.23465843,p_no,0.29090345,p_no,0.26892757,p_no,0.22624733,no
pittsburgh_14625,data/generalization/images/pittsburgh/pittsburgh_14625.jpg,pittsburgh,NoCurbRamp,0.5873495,yes,p_yes,0.68608934,p_yes,0.5567897,p_yes,0.49945432,p_yes,0.59911543,p_yes,0.5952986,no
pittsburgh_15074,data/generalization/images/pittsburgh/pittsburgh_15074.jpg,pittsburgh,NoCurbRamp,0.56502104,yes,p_yes,0.5547659,p_yes,0.48283926,p_yes,0.5768281,p_yes,0.60220945,p_yes,0.60846245,no
pittsburgh_15080,data/generalization/images/pittsburgh/pittsburgh_15080.jpg,pittsburgh,NoCurbRamp,0.53792256,yes,p_yes,0.5292216,p_yes,0.4809291,p_yes,0.5677149,p_yes,0.54165405,p_yes,0.57009304,no
pittsburgh_17180,data/generalization/images/pittsburgh/pittsburgh_17180.jpg,pittsburgh,NoCurbRamp,0.4364423,no,p_no,0.42612377,p_no,0.42608574,p_yes,0.44673496,p_yes,0.43528038,p_yes,0.4479866,no
pittsburgh_19552,data/generalization/images/pittsburgh/pittsburgh_19552.jpg,pittsburgh,NoCurbRamp,0.61446345,yes,p_yes,0.6410051,p_yes,0.5435639,p_yes,0.5505368,p_yes,0.64070255,p_yes,0.69650906,no
pittsburgh_23964,data/generalization/images/pittsburgh/pittsburgh_23964.jpg,pittsburgh,NoCurbRamp,0.39812702,no,p_no,0.35662577,p_no,0.33157936,p_yes,0.50236124,p_no,0.4280562,p_no,0.37201253,no
pittsburgh_28242,data/generalization/images/pittsburgh/pittsburgh_28242.jpg,pittsburgh,NoCurbRamp,0.44603595,no,p_yes,0.52063704,p_no,0.39360616,p_yes,0.48048452,p_no,0.41004172,p_yes,0.4254103,no
pittsburgh_28249,data/generalization/images/pittsburgh/pittsburgh_28249.jpg,pittsburgh,NoCurbRamp,0.51977324,yes,p_yes,0.6006585,p_yes,0.46324432,p_yes,0.4878959,p_yes,0.5294559,p_yes,0.5176115,no
pittsburgh_3660,data/generalization/images/pittsburgh/pittsburgh_3660.jpg,pittsburgh,NoCurbRamp,0.7080258,yes,p_yes,0.80326194,p_yes,0.6811674,p_yes,0.7032331,p_yes,0.6830135,p_yes,0.66945297,no
pittsburgh_3661,data/generalization/images/pittsburgh/pittsburgh_3661.jpg,pittsburgh,NoCurbRamp,0.6526786,yes,p_yes,0.7062617,p_yes,0.59029126,p_yes,0.61485857,p_yes,0.67523307,p_yes,0.67674834,no
pittsburgh_3665,data/generalization/images/pittsburgh/pittsburgh_3665.jpg,pittsburgh,NoCurbRamp,0.34664884,no,p_no,0.41244465,p_no,0.3147571,p_no,0.29953632,p_no,0.3748868,p_no,0.3316193,no
pittsburgh_4248,data/generalization/images/pittsburgh/pittsburgh_4248.jpg,pittsburgh,NoCurbRamp,0.74632496,yes,p_yes,0.7975592,p_yes,0.7337677,p_yes,0.74549586,p_yes,0.7584037,p_yes,0.69639826,no
pittsburgh_7270,data/generalization/images/pittsburgh/pittsburgh_7270.jpg,pittsburgh,NoCurbRamp,0.5802076,yes,p_yes,0.6406004,p_yes,0.5562145,p_yes,0.5538467,p_yes,0.61072,p_yes,0.53965634,no
pittsburgh_15516,data/generalization/images/pittsburgh/pittsburgh_15516.jpg,pittsburgh,NoCurbRamp,0.5811602,yes,p_yes,0.65147173,p_yes,0.5367488,p_yes,0.567686,p_yes,0.5900046,p_yes,0.5598898,no
pittsburgh_22342,data/generalization/images/pittsburgh/pittsburgh_22342.jpg,pittsburgh,NoCurbRamp,0.36316222,no,p_no,0.403443,p_no,0.3154719,p_no,0.37327564,p_no,0.36533582,p_no,0.3582848,no
zurich_2183,data/generalization/images/zurich/zurich_2183.jpg,zurich,CurbRamp,0.25291806,no,p_unsure,0.33755058,p_unsure,0.18584627,p_unsure,0.26465067,p_unsure,0.27344045,p_unsure,0.20310232,yes
zurich_2212,data/generalization/images/zurich/zurich_2212.jpg,zurich,CurbRamp,0.38320357,no,p_yes,0.5148846,p_yes,0.35405028,p_no,0.33649734,p_unsure,0.3381232,p_unsure,0.37246236,yes
zurich_2791,data/generalization/images/zurich/zurich_2791.jpg,zurich,CurbRamp,0.11700419,no,p_unsure,0.18152913,p_unsure,0.0950094,p_unsure,0.10875945,p_unsure,0.11144197,p_unsure,0.08828095,yes
zurich_2792,data/generalization/images/zurich/zurich_2792.jpg,zurich,CurbRamp,0.1961613,no,p_no,0.28914827,p_no,0.15104684,p_no,0.2125064,p_no,0.18644552,p_no,0.14165944,yes
zurich_3168,data/generalization/images/zurich/zurich_3168.jpg,zurich,CurbRamp,0.18792543,no,p_unsure,0.30723011,p_unsure,0.15778945,p_unsure,0.16754356,p_unsure,0.18414393,p_unsure,0.12292013,yes
zurich_4407,data/generalization/images/zurich/zurich_4407.jpg,zurich,CurbRamp,0.16967967,no,p_unsure,0.29983315,p_unsure,0.14395912,p_unsure,0.1276018,p_unsure,0.14973861,p_unsure,0.12726562,yes
zurich_4408,data/generalization/images/zurich/zurich_4408.jpg,zurich,CurbRamp,0.16967967,no,p_unsure,0.29983315,p_unsure,0.14395912,p_unsure,0.1276018,p_unsure,0.14973861,p_unsure,0.12726562,yes
zurich_4414,data/generalization/images/zurich/zurich_4414.jpg,zurich,CurbRamp,0.17559406,no,p_unsure,0.27983135,p_unsure,0.13898434,p_unsure,0.16175693,p_unsure,0.16350193,p_unsure,0.13389577,yes
zurich_4427,data/generalization/images/zurich/zurich_4427.jpg,zurich,CurbRamp,0.2399457,no,p_unsure,0.3392684,p_unsure,0.20902364,p_unsure,0.2464354,p_unsure,0.218923,p_unsure,0.18607813,yes
zurich_4428,data/generalization/images/zurich/zurich_4428.jpg,zurich,CurbRamp,0.20647621,no,p_unsure,0.31976902,p_unsure,0.19482565,p_unsure,0.18474367,p_unsure,0.19846842,p_unsure,0.13457435,yes
zurich_5267,data/generalization/images/zurich/zurich_5267.jpg,zurich,CurbRamp,0.3142715,no,p_yes,0.42241314,p_no,0.32052958,p_no,0.30791605,p_unsure,0.29178575,p_no,0.22871299,yes
zurich_5270,data/generalization/images/zurich/zurich_5270.jpg,zurich,CurbRamp,0.14049086,no,p_unsure,0.20087236,p_unsure,0.13897908,p_unsure,0.14441288,p_unsure,0.12438392,p_unsure,0.09380612,yes
zurich_5309,data/generalization/images/zurich/zurich_5309.jpg,zurich,CurbRamp,0.2090574,no,p_no,0.28246242,p_no,0.17370567,p_no,0.20532672,p_no,0.18103214,p_no,0.2027601,yes
zurich_6518,data/generalization/images/zurich/zurich_6518.jpg,zurich,CurbRamp,0.17661563,no,p_unsure,0.2606921,p_unsure,0.16432638,p_unsure,0.16068873,p_unsure,0.16763897,p_unsure,0.12973195,yes
zurich_6528,data/generalization/images/zurich/zurich_6528.jpg,zurich,CurbRamp,0.27150053,no,p_unsure,0.3785118,p_unsure,0.24179286,p_unsure,0.2610648,p_unsure,0.25319174,p_unsure,0.22294155,yes
zurich_25,data/generalization/images/zurich/zurich_25.jpg,zurich,CurbRamp,0.32468972,no,p_yes,0.45727965,p_unsure,0.27671513,p_unsure,0.3507753,p_unsure,0.3187886,p_unsure,0.21988986,yes
zurich_32,data/generalization/images/zurich/zurich_32.jpg,zurich,CurbRamp,0.2237012,no,p_unsure,0.2907816,p_unsure,0.20042169,p_unsure,0.23253174,p_unsure,0.22721352,p_unsure,0.16755745,yes
zurich_51,data/generalization/images/zurich/zurich_51.jpg,zurich,CurbRamp,0.3655658,no,p_yes,0.46743357,p_no,0.33379337,p_yes,0.371782,p_yes,0.35710534,p_unsure,0.2977147,yes
zurich_62,data/generalization/images/zurich/zurich_62.jpg,zurich,CurbRamp,0.3286397,no,p_yes,0.4389059,p_no,0.28947908,p_no,0.35271713,p_unsure,0.2931083,p_unsure,0.26898807,yes
zurich_430,data/generalization/images/zurich/zurich_430.jpg,zurich,CurbRamp,0.22220561,no,p_no,0.26112115,p_no,0.22876115,p_no,0.21864815,p_no,0.21066327,p_unsure,0.19183443,yes
zurich_761,data/generalization/images/zurich/zurich_761.jpg,zurich,CurbRamp,0.15739365,no,p_no,0.21592617,p_no,0.14000747,p_no,0.1456331,p_no,0.15539466,p_unsure,0.13000678,yes
zurich_1101,data/generalization/images/zurich/zurich_1101.jpg,zurich,CurbRamp,0.24163225,no,p_unsure,0.34418637,p_unsure,0.21814097,p_unsure,0.25850454,p_unsure,0.2150454,p_unsure,0.17228392,yes
zurich_1140,data/generalization/images/zurich/zurich_1140.jpg,zurich,CurbRamp,0.14253685,no,p_no,0.19571094,p_no,0.13875711,p_no,0.14698796,p_unsure,0.13007684,p_unsure,0.10115134,yes
zurich_1285,data/generalization/images/zurich/zurich_1285.jpg,zurich,CurbRamp,0.10389457,no,p_unsure,0.14294752,p_unsure,0.1012561,p_unsure,0.12105275,p_unsure,0.08572084,p_unsure,0.06849565,yes
zurich_1315,data/generalization/images/zurich/zurich_1315.jpg,zurich,CurbRamp,0.148285,no,p_no,0.20430595,p_no,0.13883144,p_no,0.16182776,p_no,0.12883177,p_unsure,0.10762814,yes
zurich_1468,data/generalization/images/zurich/zurich_1468.jpg,zurich,CurbRamp,0.17758434,no,p_no,0.24112336,p_no,0.1539908,p_no,0.18878713,p_no,0.16077007,p_no,0.14325038,yes
zurich_1504,data/generalization/images/zurich/zurich_1504.jpg,zurich,CurbRamp,0.2996178,no,p_yes,0.39254647,p_unsure,0.2926567,p_unsure,0.30363902,p_unsure,0.27130738,p_unsure,0.23793931,yes
zurich_2181,data/generalization/images/zurich/zurich_2181.jpg,zurich,CurbRamp,0.25737134,no,p_yes,0.351557,p_unsure,0.20032825,p_unsure,0.238406,p_unsure,0.26273203,p_unsure,0.23383327,yes
zurich_2202,data/generalization/images/zurich/zurich_2202.jpg,zurich,CurbRamp,0.57411313,yes,p_yes,0.70356035,p_yes,0.57412964,p_yes,0.57895166,p_yes,0.5549029,p_yes,0.45902136,yes
zurich_2213,data/generalization/images/zurich/zurich_2213.jpg,zurich,CurbRamp,0.38320357,no,p_yes,0.5148846,p_yes,0.35405028,p_no,0.33649734,p_unsure,0.3381232,p_unsure,0.37246236,yes
zurich_2223,data/generalization/images/zurich/zurich_2223.jpg,zurich,CurbRamp,0.23208944,no,p_no,0.3367286,p_no,0.21288644,p_no,0.23895499,p_no,0.20753609,p_unsure,0.16434114,yes
zurich_2303,data/generalization/images/zurich/zurich_2303.jpg,zurich,CurbRamp,0.3801744,no,p_yes,0.50327045,p_no,0.359812,p_yes,0.40085712,p_no,0.35568804,p_no,0.28124452,yes
zurich_2477,data/generalization/images/zurich/zurich_2477.jpg,zurich,CurbRamp,0.20622802,no,p_unsure,0.2900546,p_unsure,0.19111763,p_unsure,0.19810013,p_unsure,0.21718289,p_unsure,0.13468486,yes
zurich_2796,data/generalization/images/zurich/zurich_2796.jpg,zurich,CurbRamp,0.17621472,no,p_unsure,0.29263052,p_unsure,0.14426677,p_unsure,0.14860904,p_unsure,0.1640102,p_unsure,0.13155712,yes
zurich_2872,data/generalization/images/zurich/zurich_2872.jpg,zurich,CurbRamp,0.10933914,no,p_unsure,0.16579941,p_unsure,0.09125236,p_unsure,0.096922256,p_unsure,0.1121188,p_unsure,0.08060289,yes
zurich_3183,data/generalization/images/zurich/zurich_3183.jpg,zurich,CurbRamp,0.19878635,no,p_no,0.28637433,p_no,0.18215689,p_no,0.1929681,p_no,0.18300287,p_no,0.14942954,yes
zurich_3193,data/generalization/images/zurich/zurich_3193.jpg,zurich,CurbRamp,0.09874571,no,p_unsure,0.16509707,p_unsure,0.09395401,p_unsure,0.09303904,p_unsure,0.08639285,p_unsure,0.055245567,yes
zurich_3194,data/generalization/images/zurich/zurich_3194.jpg,zurich,CurbRamp,0.09874571,no,p_unsure,0.16509707,p_unsure,0.09395401,p_unsure,0.09303904,p_unsure,0.08639285,p_unsure,0.055245567,yes
zurich_3206,data/generalization/images/zurich/zurich_3206.jpg,zurich,CurbRamp,0.19365464,no,p_no,0.26089936,p_unsure,0.1959766,p_no,0.1844471,p_unsure,0.17502768,p_unsure,0.15192245,yes
zurich_3260,data/generalization/images/zurich/zurich_3260.jpg,zurich,CurbRamp,0.14649963,no,p_no,0.20748948,p_unsure,0.12539563,p_unsure,0.16742088,p_unsure,0.13545832,p_unsure,0.09673393,yes
zurich_3541,data/generalization/images/zurich/zurich_3541.jpg,zurich,CurbRamp,0.54481804,yes,p_yes,0.7076808,p_yes,0.5065507,p_yes,0.5379055,p_yes,0.5571806,p_yes,0.41477245,yes
zurich_3542,data/generalization/images/zurich/zurich_3542.jpg,zurich,CurbRamp,0.41044387,no,p_yes,0.5363247,p_yes,0.38751784,p_yes,0.39048347,p_unsure,0.35700366,p_unsure,0.38088974,yes
zurich_3570,data/generalization/images/zurich/zurich_3570.jpg,zurich,CurbRamp,0.30648258,no,p_yes,0.39253214,p_no,0.26899335,p_no,0.27946788,p_no,0.30989912,p_unsure,0.2815204,yes
zurich_3575,data/generalization/images/zurich/zurich_3575.jpg,zurich,CurbRamp,0.15982156,no,p_unsure,0.23922668,p_unsure,0.12544303,p_unsure,0.15994845,p_unsure,0.16455676,p_unsure,0.10993291,yes
zurich_3610,data/generalization/images/zurich/zurich_3610.jpg,zurich,CurbRamp,0.12969765,no,p_unsure,0.18969569,p_no,0.113374874,p_no,0.121702775,p_unsure,0.12269411,p_unsure,0.10102078,yes
zurich_4130,data/generalization/images/zurich/zurich_4130.jpg,zurich,CurbRamp,0.5157569,yes,p_yes,0.6310454,p_yes,0.50221187,p_yes,0.51706135,p_yes,0.4782411,p_yes,0.4502248,yes
zurich_4240,data/generalization/images/zurich/zurich_4240.jpg,zurich,CurbRamp,0.3429721,no,p_yes,0.45176142,p_unsure,0.29965594,p_unsure,0.31663847,p_unsure,0.3360588,p_unsure,0.31074566,yes
zurich_4431,data/generalization/images/zurich/zurich_4431.jpg,zurich,NoCurbRamp,0.17884798,no,p_unsure,0.23056084,p_unsure,0.1618845,p_unsure,0.18438724,p_unsure,0.17916091,p_unsure,0.1382465,no
zurich_82,data/generalization/images/zurich/zurich_82.jpg,zurich,NoCurbRamp,0.34133044,no,p_yes,0.47286397,p_no,0.28903076,p_no,0.3255764,p_no,0.30061704,p_unsure,0.31856397,no
zurich_84,data/generalization/images/zurich/zurich_84.jpg,zurich,NoCurbRamp,0.25846168,no,p_yes,0.39340457,p_no,0.2223625,p_unsure,0.26227716,p_no,0.22069202,p_unsure,0.19357221,no
zurich_1505,data/generalization/images/zurich/zurich_1505.jpg,zurich,NoCurbRamp,0.26281458,no,p_unsure,0.3880151,p_unsure,0.22614041,p_unsure,0.25738508,p_unsure,0.25456673,p_unsure,0.18796566,no
zurich_5873,data/generalization/images/zurich/zurich_5873.jpg,zurich,NoCurbRamp,0.20536569,no,p_unsure,0.3048536,p_unsure,0.17769003,p_unsure,0.18298687,p_unsure,0.20441657,p_unsure,0.15688135,no
zurich_6371,data/generalization/images/zurich/zurich_6371.jpg,zurich,NoCurbRamp,0.14522092,no,p_unsure,0.20736322,p_unsure,0.13781871,p_unsure,0.15271913,p_unsure,0.13635938,p_unsure,0.091844134,no
zurich_6710,data/generalization/images/zurich/zurich_6710.jpg,zurich,NoCurbRamp,0.2324944,no,p_no,0.35743117,p_no,0.18949778,p_no,0.21792988,p_unsure,0.2040435,p_no,0.1935696,no
zurich_8464,data/generalization/images/zurich/zurich_8464.jpg,zurich,NoCurbRamp,0.509318,yes,p_yes,0.6012978,p_no,0.408174,p_yes,0.5298117,p_yes,0.52644753,p_yes,0.4808587,no
zurich_1172,data/generalization/images/zurich/zurich_1172.jpg,zurich,NoCurbRamp,0.5378033,yes,p_yes,0.6831146,p_yes,0.51274955,p_yes,0.5560691,p_yes,0.53684163,p_no,0.4002416,no
zurich_2384,data/generalization/images/zurich/zurich_2384.jpg,zurich,NoCurbRamp,0.25079048,no,p_unsure,0.32709888,p_unsure,0.2236367,p_no,0.26535892,p_unsure,0.24895294,p_unsure,0.18890485,no
zurich_2449,data/generalization/images/zurich/zurich_2449.jpg,zurich,NoCurbRamp,0.4512148,no,p_yes,0.5214676,p_yes,0.42969972,p_yes,0.4687405,p_yes,0.40314135,p_yes,0.43302464,no
zurich_2485,data/generalization/images/zurich/zurich_2485.jpg,zurich,NoCurbRamp,0.15522256,no,p_unsure,0.23129362,p_unsure,0.13980888,p_unsure,0.14687335,p_unsure,0.14634572,p_unsure,0.11179121,no
zurich_2486,data/generalization/images/zurich/zurich_2486.jpg,zurich,NoCurbRamp,0.15634695,no,p_unsure,0.23318052,p_unsure,0.13589582,p_unsure,0.1696537,p_unsure,0.15281901,p_unsure,0.090185724,no
zurich_2572,data/generalization/images/zurich/zurich_2572.jpg,zurich,NoCurbRamp,0.33655095,no,p_yes,0.47930056,p_no,0.3001444,p_no,0.33602008,p_no,0.29859763,p_no,0.268692,no
zurich_2712,data/generalization/images/zurich/zurich_2712.jpg,zurich,NoCurbRamp,0.28235954,no,p_no,0.38429663,p_no,0.26468825,p_no,0.26856104,p_no,0.26205492,p_no,0.23219699,no
zurich_2786,data/generalization/images/zurich/zurich_2786.jpg,zurich,NoCurbRamp,0.23218326,no,p_yes,0.34679744,p_unsure,0.20336385,p_unsure,0.23427314,p_unsure,0.21116135,p_unsure,0.16532058,no
zurich_3714,data/generalization/images/zurich/zurich_3714.jpg,zurich,NoCurbRamp,0.3684045,no,p_yes,0.43699798,p_no,0.33819786,p_no,0.33742222,p_no,0.36276537,p_yes,0.36663902,no
zurich_6960,data/generalization/images/zurich/zurich_6960.jpg,zurich,NoCurbRamp,0.11453018,no,p_unsure,0.16616482,p_unsure,0.09520501,p_unsure,0.10603828,p_unsure,0.11252733,p_unsure,0.0927155,no
zurich_6961,data/generalization/images/zurich/zurich_6961.jpg,zurich,NoCurbRamp,0.19794163,no,p_unsure,0.27157444,p_unsure,0.15924388,p_unsure,0.17072718,p_unsure,0.20567451,p_unsure,0.18248813,no
zurich_7470,data/generalization/images/zurich/zurich_7470.jpg,zurich,NoCurbRamp,0.2324944,no,p_no,0.35743117,p_no,0.18949778,p_no,0.21792988,p_unsure,0.2040435,p_no,0.1935696,no
zurich_7907,data/generalization/images/zurich/zurich_7907.jpg,zurich,NoCurbRamp,0.4148708,no,p_yes,0.54382575,p_no,0.37934217,p_yes,0.4355872,p_yes,0.40762454,p_no,0.30797443,no
zurich_10591,data/generalization/images/zurich/zurich_10591.jpg,zurich,NoCurbRamp,0.44783932,no,p_yes,0.5986787,p_yes,0.4222444,p_yes,0.45769113,p_yes,0.38363272,p_yes,0.3769495,no
zurich_83,data/generalization/images/zurich/zurich_83.jpg,zurich,NoCurbRamp,0.15946671,no,p_no,0.2262685,p_no,0.12676686,p_no,0.18462509,p_no,0.13293147,p_no,0.12674168,no
zurich_2317,data/generalization/images/zurich/zurich_2317.jpg,zurich,NoCurbRamp,0.27491617,no,p_yes,0.38947105,p_unsure,0.26723397,p_unsure,0.26755875,p_unsure,0.21727298,p_unsure,0.2330442,no
zurich_2370,data/generalization/images/zurich/zurich_2370.jpg,zurich,NoCurbRamp,0.34866628,no,p_no,0.39717016,p_no,0.33146423,p_no,0.33421928,p_no,0.33701035,p_no,0.3434674,no
zurich_2408,data/generalization/images/zurich/zurich_2408.jpg,zurich,NoCurbRamp,0.42302084,no,p_yes,0.4889471,p_yes,0.3785521,p_yes,0.42665803,p_unsure,0.360225,p_yes,0.46072185,no
zurich_2411,data/generalization/images/zurich/zurich_2411.jpg,zurich,NoCurbRamp,0.4214031,no,p_yes,0.48812184,p_unsure,0.37030703,p_yes,0.4541787,p_unsure,0.3379741,p_yes,0.45643395,no
zurich_2462,data/generalization/images/zurich/zurich_2462.jpg,zurich,NoCurbRamp,0.28068027,no,p_yes,0.39059523,p_unsure,0.26684475,p_unsure,0.25683817,p_unsure,0.25799066,p_unsure,0.23113257,no
zurich_2468,data/generalization/images/zurich/zurich_2468.jpg,zurich,NoCurbRamp,0.16399677,no,p_no,0.24501094,p_no,0.14862321,p_no,0.16813013,p_no,0.14876074,p_no,0.10945889,no
zurich_2470,data/generalization/images/zurich/zurich_2470.jpg,zurich,NoCurbRamp,0.3473122,no,p_yes,0.42301768,p_no,0.32071304,p_no,0.34057418,p_yes,0.36256498,p_no,0.28969127,no
zurich_2482,data/generalization/images/zurich/zurich_2482.jpg,zurich,NoCurbRamp,0.33110908,no,p_yes,0.40417543,p_no,0.31834358,p_no,0.33164594,p_unsure,0.3423371,p_unsure,0.25904322,no
zurich_2487,data/generalization/images/zurich/zurich_2487.jpg,zurich,NoCurbRamp,0.2754298,no,p_yes,0.38582876,p_unsure,0.267335,p_unsure,0.27918607,p_unsure,0.26643267,p_unsure,0.17836629,no
zurich_2497,data/generalization/images/zurich/zurich_2497.jpg,zurich,NoCurbRamp,0.18120337,no,p_no,0.21788354,p_no,0.18231592,p_no,0.18367739,p_no,0.15281451,p_no,0.1693255,no
zurich_2499,data/generalization/images/zurich/zurich_2499.jpg,zurich,NoCurbRamp,0.30606824,no,p_no,0.38699353,p_no,0.2883109,p_no,0.2929524,p_no,0.28816357,p_no,0.27392086,no
zurich_2508,data/generalization/images/zurich/zurich_2508.jpg,zurich,NoCurbRamp,0.28631547,no,p_yes,0.4293762,p_unsure,0.2584272,p_unsure,0.26575992,p_unsure,0.27947032,p_unsure,0.19854368,no
zurich_2594,data/generalization/images/zurich/zurich_2594.jpg,zurich,NoCurbRamp,0.20528162,no,p_unsure,0.2795059,p_unsure,0.16925973,p_unsure,0.19883485,p_unsure,0.21755832,p_unsure,0.16124931,no
zurich_2602,data/generalization/images/zurich/zurich_2602.jpg,zurich,NoCurbRamp,0.39030614,no,p_yes,0.5020034,p_no,0.3632118,p_yes,0.35951993,p_yes,0.39810392,p_no,0.32869166,no
zurich_2617,data/generalization/images/zurich/zurich_2617.jpg,zurich,NoCurbRamp,0.21006577,no,p_unsure,0.33087206,p_unsure,0.18555261,p_unsure,0.18218535,p_unsure,0.21640576,p_unsure,0.13531312,no
zurich_2688,data/generalization/images/zurich/zurich_2688.jpg,zurich,NoCurbRamp,0.17056218,no,p_unsure,0.24827076,p_unsure,0.15505664,p_unsure,0.15369418,p_unsure,0.16442709,p_unsure,0.13136221,no
zurich_2718,data/generalization/images/zurich/zurich_2718.jpg,zurich,NoCurbRamp,0.106233515,no,p_no,0.13999915,p_no,0.109729275,p_no,0.122127615,p_no,0.09001616,p_no,0.069295384,no
zurich_2722,data/generalization/images/zurich/zurich_2722.jpg,zurich,NoCurbRamp,0.36306784,no,p_yes,0.5200294,p_unsure,0.33390868,p_unsure,0.3396025,p_unsure,0.34057528,p_unsure,0.28122345,no
zurich_2732,data/generalization/images/zurich/zurich_2732.jpg,zurich,NoCurbRamp,0.24092476,no,p_yes,0.39821497,p_unsure,0.21473391,p_unsure,0.21550696,p_unsure,0.20505069,p_unsure,0.17111728,no
taipei_130,data/generalization/images/taipei/taipei_130.jpg,taipei,CurbRamp,0.13990442,no,p_no,0.14155394,p_no,0.12174689,p_no,0.15126202,p_no,0.17353825,p_no,0.11142102,yes
taipei_174,data/generalization/images/taipei/taipei_174.jpg,taipei,CurbRamp,0.10539128,no,p_no,0.11831944,p_no,0.083142616,p_no,0.11126814,p_no,0.11961022,p_no,0.094615966,yes
taipei_1695,data/generalization/images/taipei/taipei_1695.jpg,taipei,CurbRamp,0.31945974,no,p_no,0.39393723,p_no,0.28452504,p_no,0.38603812,p_no,0.3376285,p_no,0.19516991,yes
taipei_56,data/generalization/images/taipei/taipei_56.jpg,taipei,CurbRamp,0.24660973,no,p_no,0.37093753,p_no,0.19451217,p_no,0.23227637,p_no,0.2410719,p_no,0.19425064,yes
taipei_147,data/generalization/images/taipei/taipei_147.jpg,taipei,CurbRamp,0.1140087,no,p_no,0.1480268,p_no,0.08698382,p_no,0.1267439,p_no,0.12964495,p_no,0.07864403,yes
taipei_228,data/generalization/images/taipei/taipei_228.jpg,taipei,CurbRamp,0.2863632,no,p_no,0.40185913,p_no,0.23784462,p_no,0.28654107,p_no,0.30705813,p_no,0.19851315,yes
taipei_51,data/generalization/images/taipei/taipei_51.jpg,taipei,CurbRamp,0.23180465,no,p_no,0.31090182,p_no,0.2003382,p_no,0.22043677,p_no,0.25087494,p_no,0.17647165,yes
taipei_62,data/generalization/images/taipei/taipei_62.jpg,taipei,CurbRamp,0.23058228,no,p_no,0.31320822,p_no,0.17823207,p_no,0.25663692,p_no,0.2402228,p_no,0.16461137,yes
taipei_169,data/generalization/images/taipei/taipei_169.jpg,taipei,CurbRamp,0.11453338,no,p_no,0.13068755,p_no,0.09151966,p_no,0.1306457,p_no,0.13183135,p_no,0.087982565,yes
taipei_55,data/generalization/images/taipei/taipei_55.jpg,taipei,CurbRamp,0.24660973,no,p_no,0.37093753,p_no,0.19451217,p_no,0.23227637,p_no,0.2410719,p_no,0.19425064,yes
taipei_72,data/generalization/images/taipei/taipei_72.jpg,taipei,CurbRamp,0.06926777,no,p_no,0.11449172,p_no,0.05694914,p_no,0.057883978,p_no,0.07165626,p_no,0.04535777,yes
taipei_148,data/generalization/images/taipei/taipei_148.jpg,taipei,CurbRamp,0.17272338,no,p_no,0.21715106,p_no,0.13332812,p_no,0.19509324,p_no,0.18004689,p_no,0.13799758,yes
taipei_172,data/generalization/images/taipei/taipei_172.jpg,taipei,CurbRamp,0.11052016,no,p_no,0.1377639,p_no,0.08534001,p_no,0.11616577,p_no,0.1270663,p_no,0.08626481,yes
taipei_489,data/generalization/images/taipei/taipei_489.jpg,taipei,CurbRamp,0.16636604,no,p_no,0.23196039,p_no,0.14813015,p_no,0.17034212,p_no,0.1726764,p_no,0.10872116,yes
taipei_940,data/generalization/images/taipei/taipei_940.jpg,taipei,CurbRamp,0.1020114,no,p_no,0.14745864,p_no,0.08542942,p_no,0.09967604,p_no,0.11697709,p_no,0.06051576,yes
taipei_2839,data/generalization/images/taipei/taipei_2839.jpg,taipei,CurbRamp,0.307927,no,p_no,0.41562757,p_no,0.25101653,p_no,0.33005044,p_no,0.30346665,p_no,0.23947378,yes
taipei_4994,data/generalization/images/taipei/taipei_4994.jpg,taipei,CurbRamp,0.15909165,no,p_no,0.20479962,p_no,0.13663094,p_no,0.16257972,p_no,0.17781271,p_no,0.113635294,yes
taipei_173,data/generalization/images/taipei/taipei_173.jpg,taipei,CurbRamp,0.12953699,no,p_no,0.14858313,p_no,0.1045471,p_no,0.1345372,p_no,0.15024315,p_no,0.10977434,yes
taipei_472,data/generalization/images/taipei/taipei_472.jpg,taipei,CurbRamp,0.14202075,no,p_no,0.20207252,p_no,0.10946991,p_no,0.14405671,p_no,0.16442773,p_no,0.090076916,yes
taipei_488,data/generalization/images/taipei/taipei_488.jpg,taipei,CurbRamp,0.16636604,no,p_no,0.23196039,p_no,0.14813015,p_no,0.17034212,p_no,0.1726764,p_no,0.10872116,yes
taipei_829,data/generalization/images/taipei/taipei_829.jpg,taipei,CurbRamp,0.19046047,no,p_no,0.23154315,p_no,0.15077528,p_no,0.21379155,p_no,0.20054936,p_no,0.15564296,yes
taipei_1415,data/generalization/images/taipei/taipei_1415.jpg,taipei,CurbRamp,0.1338175,no,p_no,0.20337068,p_no,0.110377505,p_no,0.13655898,p_no,0.14234944,p_no,0.07643084,yes
taipei_2090,data/generalization/images/taipei/taipei_2090.jpg,taipei,CurbRamp,0.08822723,no,p_no,0.12731831,p_no,0.060924437,p_no,0.11087054,p_no,0.08672498,p_no,0.055297844,yes
taipei_2427,data/generalization/images/taipei/taipei_2427.jpg,taipei,CurbRamp,0.16419217,no,p_no,0.21327117,p_no,0.10995765,p_no,0.18519785,p_no,0.19275708,p_no,0.11977708,yes
taipei_2533,data/generalization/images/taipei/taipei_2533.jpg,taipei,CurbRamp,0.29264218,no,p_no,0.3761345,p_no,0.27054203,p_no,0.31741336,p_no,0.31454304,p_no,0.18457788,yes
taipei_2817,data/generalization/images/taipei/taipei_2817.jpg,taipei,CurbRamp,0.14543267,no,p_no,0.19285041,p_no,0.11730451,p_no,0.17327291,p_no,0.14208017,p_no,0.101655334,yes
taipei_2819,data/generalization/images/taipei/taipei_2819.jpg,taipei,CurbRamp,0.17015332,no,p_no,0.26287133,p_no,0.13682456,p_no,0.18751027,p_no,0.16335662,p_no,0.10020389,yes
taipei_4569,data/generalization/images/taipei/taipei_4569.jpg,taipei,CurbRamp,0.27556807,no,p_no,0.38755623,p_no,0.24144009,p_no,0.2827662,p_no,0.27818376,p_no,0.18789414,yes
taipei_4620,data/generalization/images/taipei/taipei_4620.jpg,taipei,CurbRamp,0.1994544,no,p_no,0.25134,p_no,0.1712019,p_no,0.22383705,p_no,0.20545633,p_no,0.14543666,yes
taipei_6242,data/generalization/images/taipei/taipei_6242.jpg,taipei,CurbRamp,0.23192057,no,p_no,0.33157143,p_no,0.20133159,p_no,0.23460542,p_unsure,0.2350327,p_no,0.15706164,yes
taipei_131,data/generalization/images/taipei/taipei_131.jpg,taipei,CurbRamp,0.3464721,no,p_yes,0.47446036,p_no,0.28548837,p_no,0.38757074,p_no,0.3278379,p_no,0.25700313,yes
taipei_154,data/generalization/images/taipei/taipei_154.jpg,taipei,CurbRamp,0.16590485,no,p_no,0.20964669,p_no,0.13195722,p_no,0.20643748,p_no,0.17600492,p_no,0.105477855,yes
taipei_254,data/generalization/images/taipei/taipei_254.jpg,taipei,CurbRamp,0.25481272,no,p_no,0.3304362,p_no,0.21732299,p_no,0.26309845,p_no,0.27289835,p_no,0.19030756,yes
taipei_463,data/generalization/images/taipei/taipei_463.jpg,taipei,CurbRamp,0.33903855,no,p_no,0.4108351,p_no,0.33599588,p_no,0.36860734,p_no,0.3430819,p_no,0.23667257,yes
taipei_467,data/generalization/images/taipei/taipei_467.jpg,taipei,CurbRamp,0.16283259,no,p_no,0.20682389,p_no,0.13968892,p_no,0.1853859,p_no,0.17809051,p_no,0.10417373,yes
taipei_471,data/generalization/images/taipei/taipei_471.jpg,taipei,CurbRamp,0.15035865,no,p_no,0.2216346,p_no,0.116657466,p_no,0.14138187,p_no,0.17006612,p_no,0.102053195,yes
taipei_482,data/generalization/images/taipei/taipei_482.jpg,taipei,CurbRamp,0.24010403,no,p_no,0.3141728,p_no,0.22113864,p_no,0.23594965,p_no,0.25772732,p_no,0.17153178,yes
taipei_833,data/generalization/images/taipei/taipei_833.jpg,taipei,CurbRamp,0.13551852,no,p_no,0.1658722,p_no,0.09766694,p_no,0.14247589,p_no,0.16114081,p_no,0.11043676,yes
taipei_896,data/generalization/images/taipei/taipei_896.jpg,taipei,CurbRamp,0.2389886,no,p_no,0.32062653,p_no,0.21755695,p_no,0.26451334,p_no,0.24217024,p_no,0.15007587,yes
taipei_935,data/generalization/images/taipei/taipei_935.jpg,taipei,CurbRamp,0.19190887,no,p_no,0.27476394,p_no,0.17562482,p_no,0.19165868,p_no,0.20608668,p_no,0.11141025,yes
taipei_945,data/generalization/images/taipei/taipei_945.jpg,taipei,CurbRamp,0.14043371,no,p_no,0.17824152,p_no,0.12598227,p_no,0.14136505,p_no,0.15608568,p_no,0.10049409,yes
taipei_1157,data/generalization/images/taipei/taipei_1157.jpg,taipei,CurbRamp,0.11737134,no,p_no,0.1790168,p_no,0.095821396,p_no,0.13225476,p_no,0.12704527,p_no,0.052718442,yes
taipei_1210,data/generalization/images/taipei/taipei_1210.jpg,taipei,CurbRamp,0.22943528,no,p_no,0.3222003,p_no,0.19936779,p_no,0.24063028,p_no,0.22523372,p_no,0.1597443,yes
taipei_1417,data/generalization/images/taipei/taipei_1417.jpg,taipei,CurbRamp,0.13631919,no,p_no,0.2148121,p_no,0.104967184,p_no,0.13969259,p_no,0.14485571,p_no,0.07726836,yes
taipei_1636,data/generalization/images/taipei/taipei_1636.jpg,taipei,CurbRamp,0.121422075,no,p_no,0.18699443,p_no,0.09895778,p_no,0.13295293,p_no,0.13300546,p_no,0.055199802,yes
taipei_63,data/generalization/images/taipei/taipei_63.jpg,taipei,NoCurbRamp,0.17142248,no,p_no,0.27303258,p_no,0.113904275,p_no,0.17023674,p_no,0.18712662,p_no,0.11281218,no
taipei_52,data/generalization/images/taipei/taipei_52.jpg,taipei,NoCurbRamp,0.10265511,no,p_no,0.13360493,p_no,0.09332841,p_no,0.11417971,p_no,0.11357217,p_no,0.058590356,no
taipei_2088,data/generalization/images/taipei/taipei_2088.jpg,taipei,NoCurbRamp,0.09021653,no,p_no,0.094114475,p_no,0.07475779,p_no,0.10395561,p_no,0.09752135,p_no,0.08073343,no
taipei_3250,data/generalization/images/taipei/taipei_3250.jpg,taipei,NoCurbRamp,0.17717737,no,p_no,0.25665787,p_no,0.15478274,p_no,0.20447819,p_no,0.17088076,p_no,0.09908732,no
taipei_8924,data/generalization/images/taipei/taipei_8924.jpg,taipei,NoCurbRamp,0.109801255,no,p_no,0.1733081,p_no,0.075856164,p_no,0.12545237,p_no,0.11179724,p_no,0.06259242,no
taipei_1302,data/generalization/images/taipei/taipei_1302.jpg,taipei,NoCurbRamp,0.23141976,no,p_no,0.28084,p_no,0.21560247,p_no,0.2520955,p_no,0.24320304,p_no,0.16535765,no
taipei_2241,data/generalization/images/taipei/taipei_2241.jpg,taipei,NoCurbRamp,0.11008875,no,p_no,0.12603368,p_no,0.087758265,p_no,0.11622026,p_no,0.12966748,p_no,0.090764135,no
taipei_3913,data/generalization/images/taipei/taipei_3913.jpg,taipei,NoCurbRamp,0.14901361,no,p_no,0.22357167,p_no,0.12730297,p_no,0.15267953,p_no,0.15893437,p_no,0.08257949,no
taipei_3677,data/generalization/images/taipei/taipei_3677.jpg,taipei,NoCurbRamp,0.16735092,no,p_no,0.24978934,p_no,0.14027497,p_no,0.17303981,p_no,0.16924192,p_no,0.10440854,no
taipei_3681,data/generalization/images/taipei/taipei_3681.jpg,taipei,NoCurbRamp,0.07559319,no,p_no,0.0953429,p_no,0.061281595,p_no,0.0859061,p_no,0.08942132,p_no,0.04601401,no
taipei_3687,data/generalization/images/taipei/taipei_3687.jpg,taipei,NoCurbRamp,0.30020303,no,p_yes,0.40978804,p_no,0.25631946,p_unsure,0.29515886,p_unsure,0.32189932,p_unsure,0.21784939,no
taipei_9080,data/generalization/images/taipei/taipei_9080.jpg,taipei,NoCurbRamp,0.18529083,no,p_no,0.27434647,p_no,0.15295291,p_no,0.19717582,p_no,0.19346647,p_no,0.10851248,no
taipei_979,data/generalization/images/taipei/taipei_979.jpg,taipei,NoCurbRamp,0.18783136,no,p_no,0.24694395,p_no,0.15597229,p_no,0.20989089,p_no,0.21029687,p_no,0.11605276,no
taipei_3433,data/generalization/images/taipei/taipei_3433.jpg,taipei,NoCurbRamp,0.35441718,no,p_yes,0.42996353,p_no,0.29714316,p_yes,0.38982886,p_yes,0.36962646,p_unsure,0.2855239,no
taipei_10657,data/generalization/images/taipei/taipei_10657.jpg,taipei,NoCurbRamp,0.1972358,no,p_no,0.29356647,p_no,0.16570497,p_no,0.21769625,p_no,0.20888588,p_no,0.10032538,no
taipei_1301,data/generalization/images/taipei/taipei_1301.jpg,taipei,NoCurbRamp,0.21150282,no,p_no,0.26779792,p_no,0.18490534,p_no,0.23363788,p_no,0.23715179,p_no,0.13402115,no
taipei_4627,data/generalization/images/taipei/taipei_4627.jpg,taipei,NoCurbRamp,0.115757845,no,p_no,0.1836401,p_no,0.099115804,p_unsure,0.109548084,p_unsure,0.12476916,p_no,0.061716102,no
taipei_5549,data/generalization/images/taipei/taipei_5549.jpg,taipei,NoCurbRamp,0.24303362,no,p_no,0.31921995,p_no,0.16883823,p_no,0.27889374,p_no,0.21992739,p_no,0.22828878,no
taipei_9098,data/generalization/images/taipei/taipei_9098.jpg,taipei,NoCurbRamp,0.2686363,no,p_no,0.3351131,p_no,0.24574147,p_no,0.2945637,p_no,0.27216542,p_no,0.19559772,no
taipei_976,data/generalization/images/taipei/taipei_976.jpg,taipei,NoCurbRamp,0.1313661,no,p_no,0.16992234,p_no,0.109052725,p_no,0.13834853,p_no,0.14017959,p_no,0.09932737,no
taipei_1722,data/generalization/images/taipei/taipei_1722.jpg,taipei,NoCurbRamp,0.17709458,no,p_no,0.2256928,p_no,0.14190693,p_no,0.19990794,p_no,0.20435716,p_no,0.11360804,no
taipei_3675,data/generalization/images/taipei/taipei_3675.jpg,taipei,NoCurbRamp,0.15562536,no,p_no,0.19264655,p_no,0.13389893,p_no,0.1784869,p_no,0.16908976,p_no,0.10400466,no
taipei_3782,data/generalization/images/taipei/taipei_3782.jpg,taipei,NoCurbRamp,0.15546475,no,p_no,0.18303153,p_no,0.14593805,p_no,0.18629631,p_no,0.16719113,p_no,0.094866715,no
taipei_7371,data/generalization/images/taipei/taipei_7371.jpg,taipei,NoCurbRamp,0.14203478,no,p_no,0.19461155,p_no,0.12065658,p_no,0.1580311,p_no,0.15347147,p_no,0.083403185,no
taipei_7547,data/generalization/images/taipei/taipei_7547.jpg,taipei,NoCurbRamp,0.32743937,no,p_yes,0.48436725,p_no,0.29336646,p_unsure,0.31504208,p_unsure,0.32758835,p_no,0.2168326,no
taipei_8321,data/generalization/images/taipei/taipei_8321.jpg,taipei,NoCurbRamp,0.16733265,no,p_no,0.22576423,p_no,0.11069213,p_no,0.18653628,p_no,0.16995738,p_no,0.14371322,no
taipei_8787,data/generalization/images/taipei/taipei_8787.jpg,taipei,NoCurbRamp,0.3988626,no,p_yes,0.56055135,p_no,0.3098702,p_no,0.38100165,p_yes,0.40297896,p_no,0.33991092,no
taipei_9047,data/generalization/images/taipei/taipei_9047.jpg,taipei,NoCurbRamp,0.09460955,no,p_no,0.12128698,p_no,0.07286052,p_no,0.11242011,p_no,0.11032923,p_no,0.05615091,no
taipei_10409,data/generalization/images/taipei/taipei_10409.jpg,taipei,NoCurbRamp,0.19295256,no,p_no,0.2818854,p_no,0.15871543,p_no,0.18367872,p_no,0.1945744,p_no,0.14590892,no
taipei_21375,data/generalization/images/taipei/taipei_21375.jpg,taipei,NoCurbRamp,0.12131862,no,p_no,0.15555754,p_no,0.104799084,p_no,0.13255158,p_no,0.13532004,p_no,0.07836483,no
taipei_3475,data/generalization/images/taipei/taipei_3475.jpg,taipei,NoCurbRamp,0.16363269,no,p_no,0.23191312,p_no,0.13825774,p_no,0.16831885,p_no,0.16490853,p_no,0.114765204,no
taipei_3684,data/generalization/images/taipei/taipei_3684.jpg,taipei,NoCurbRamp,0.15722445,no,p_no,0.24751721,p_no,0.12315573,p_no,0.1567366,p_no,0.16823427,p_no,0.090478405,no
taipei_8603,data/generalization/images/taipei/taipei_8603.jpg,taipei,NoCurbRamp,0.28927726,no,p_yes,0.403022,p_no,0.22897944,p_no,0.30249265,p_no,0.29307744,p_no,0.2188148,no
taipei_9083,data/generalization/images/taipei/taipei_9083.jpg,taipei,NoCurbRamp,0.31139287,no,p_no,0.42826068,p_no,0.2686576,p_no,0.33426258,p_no,0.3066399,p_no,0.21914358,no
taipei_9101,data/generalization/images/taipei/taipei_9101.jpg,taipei,NoCurbRamp,0.06364404,no,p_no,0.08075867,p_no,0.050445598,p_no,0.0805248,p_no,0.07014221,p_no,0.03634895,no
taipei_10459,data/generalization/images/taipei/taipei_10459.jpg,taipei,NoCurbRamp,0.2175467,no,p_no,0.3038572,p_no,0.18273751,p_no,0.21362,p_no,0.2384237,p_no,0.1490951,no
taipei_10633,data/generalization/images/taipei/taipei_10633.jpg,taipei,NoCurbRamp,0.14120576,no,p_no,0.19316839,p_no,0.11932257,p_no,0.14536048,p_no,0.14967735,p_no,0.098500006,no
taipei_16814,data/generalization/images/taipei/taipei_16814.jpg,taipei,NoCurbRamp,0.11406282,no,p_no,0.14464277,p_no,0.09005938,p_no,0.11695106,p_no,0.13972275,p_no,0.07893811,no
taipei_16830,data/generalization/images/taipei/taipei_16830.jpg,taipei,NoCurbRamp,0.1267988,no,p_no,0.15812123,p_no,0.10311564,p_no,0.1362526,p_no,0.14744794,p_no,0.08905658,no
taipei_21383,data/generalization/images/taipei/taipei_21383.jpg,taipei,NoCurbRamp,0.110419355,no,p_no,0.17172045,p_no,0.08780003,p_no,0.113033235,p_no,0.121621095,p_no,0.05792198,no
taipei_21401,data/generalization/images/taipei/taipei_21401.jpg,taipei,NoCurbRamp,0.24976666,no,p_no,0.37410596,p_no,0.20535414,p_no,0.2593678,p_no,0.22157705,p_no,0.1884284,no
taipei_22176,data/generalization/images/taipei/taipei_22176.jpg,taipei,NoCurbRamp,0.08682763,no,p_no,0.11177813,p_no,0.06533259,p_no,0.100907855,p_no,0.08569989,p_no,0.07041968,no
taipei_27260,data/generalization/images/taipei/taipei_27260.jpg,taipei,NoCurbRamp,0.16349606,no,p_no,0.26305938,p_no,0.13509057,p_no,0.15652272,p_no,0.16632344,p_no,0.09648421,no
taipei_32376,data/generalization/images/taipei/taipei_32376.jpg,taipei,NoCurbRamp,0.14738889,no,p_no,0.19465743,p_no,0.1261061,p_no,0.17710249,p_no,0.15112035,p_no,0.08795804,no
taipei_32387,data/generalization/images/taipei/taipei_32387.jpg,taipei,NoCurbRamp,0.22292075,no,p_no,0.31017438,p_no,0.17913988,p_no,0.26768336,p_no,0.21558726,p_no,0.14201896,no
taipei_36982,data/generalization/images/taipei/taipei_36982.jpg,taipei,NoCurbRamp,0.16287524,no,p_no,0.23268837,p_no,0.13503484,p_no,0.1739658,p_no,0.16369128,p_no,0.108995855,no
taipei_65,data/generalization/images/taipei/taipei_65.jpg,taipei,NoCurbRamp,0.09798311,no,p_no,0.13003442,p_no,0.07602428,p_no,0.12094519,p_no,0.11073778,p_no,0.052173857,no
taipei_3696,data/generalization/images/taipei/taipei_3696.jpg,taipei,NoCurbRamp,0.07862208,no,p_no,0.10909559,p_no,0.06376113,p_no,0.0813114,p_no,0.08987795,p_no,0.049064327,no
taipei_4025,data/generalization/images/taipei/taipei_4025.jpg,taipei,NoCurbRamp,0.11797186,no,p_no,0.16325763,p_no,0.095142215,p_no,0.12063117,p_no,0.12918963,p_no,0.08163867,no
taipei_4147,data/generalization/images/taipei/taipei_4147.jpg,taipei,NoCurbRamp,0.14674982,no,p_no,0.20303448,p_no,0.121101595,p_no,0.14668201,p_no,0.14532828,p_no,0.11760276,no
detroit_24933,data/generalization/images/detroit/detroit_24933.jpg,detroit,CurbRamp,0.47686887,no,p_no,0.41282454,p_no,0.44175136,p_yes,0.5733492,p_yes,0.5109745,p_no,0.44544467,yes
detroit_24948,data/generalization/images/detroit/detroit_24948.jpg,detroit,CurbRamp,0.3105798,no,p_no,0.2923481,p_no,0.29144257,p_no,0.37429133,p_no,0.3353413,p_no,0.25947574,yes
detroit_24934,data/generalization/images/detroit/detroit_24934.jpg,detroit,CurbRamp,0.47686887,no,p_no,0.41282454,p_no,0.44175136,p_yes,0.5733492,p_yes,0.5109745,p_no,0.44544467,yes
detroit_24939,data/generalization/images/detroit/detroit_24939.jpg,detroit,CurbRamp,0.37268794,no,p_no,0.39226636,p_no,0.33044878,p_no,0.37611127,p_yes,0.43263373,p_no,0.33197954,yes
detroit_24949,data/generalization/images/detroit/detroit_24949.jpg,detroit,CurbRamp,0.13090183,no,p_no,0.14753205,p_no,0.12300984,p_no,0.15335181,p_no,0.14920399,p_no,0.08141143,yes
detroit_24931,data/generalization/images/detroit/detroit_24931.jpg,detroit,CurbRamp,0.41996866,no,p_no,0.45155925,p_no,0.37104058,p_yes,0.4429237,p_yes,0.47825897,p_no,0.3560607,yes
detroit_24947,data/generalization/images/detroit/detroit_24947.jpg,detroit,CurbRamp,0.22977595,no,p_no,0.23142666,p_no,0.17165464,p_no,0.24701424,p_no,0.27252495,p_no,0.22625926,yes
detroit_24940,data/generalization/images/detroit/detroit_24940.jpg,detroit,CurbRamp,0.37268794,no,p_no,0.39226636,p_no,0.33044878,p_no,0.37611127,p_yes,0.43263373,p_no,0.33197954,yes
detroit_24942,data/generalization/images/detroit/detroit_24942.jpg,detroit,CurbRamp,0.40238333,no,p_no,0.3713335,p_no,0.34101504,p_no,0.42960998,p_yes,0.5028019,p_no,0.36715618,yes
detroit_24943,data/generalization/images/detroit/detroit_24943.jpg,detroit,CurbRamp,0.40238333,no,p_no,0.3713335,p_no,0.34101504,p_no,0.42960998,p_yes,0.5028019,p_no,0.36715618,yes
detroit_24946,data/generalization/images/detroit/detroit_24946.jpg,detroit,CurbRamp,0.32680485,no,p_no,0.3130842,p_no,0.26947674,p_no,0.36215472,p_no,0.37010688,p_no,0.3192018,yes
detroit_24930,data/generalization/images/detroit/detroit_24930.jpg,detroit,CurbRamp,0.41996866,no,p_no,0.45155925,p_no,0.37104058,p_yes,0.4429237,p_yes,0.47825897,p_no,0.3560607,yes
detroit_24996,data/generalization/images/detroit/detroit_24996.jpg,detroit,CurbRamp,0.38147813,no,p_no,0.35777497,p_no,0.38886282,p_no,0.44782227,p_no,0.3778626,p_no,0.33506784,yes
detroit_25003,data/generalization/images/detroit/detroit_25003.jpg,detroit,CurbRamp,0.42147666,no,p_no,0.46522173,p_no,0.3944397,p_yes,0.4923674,p_no,0.46148348,p_no,0.2938708,yes
detroit_25007,data/generalization/images/detroit/detroit_25007.jpg,detroit,CurbRamp,0.31536046,no,p_no,0.29862043,p_no,0.2908387,p_no,0.36230376,p_no,0.32438573,p_no,0.30065352,yes
detroit_24991,data/generalization/images/detroit/detroit_24991.jpg,detroit,CurbRamp,0.437481,no,p_no,0.4740654,p_no,0.42082715,p_no,0.44549766,p_no,0.45105532,p_no,0.39595935,yes
detroit_24993,data/generalization/images/detroit/detroit_24993.jpg,detroit,CurbRamp,0.423981,no,p_no,0.45138195,p_no,0.39055714,p_no,0.44690898,p_no,0.41692224,p_no,0.41413468,yes
detroit_24994,data/generalization/images/detroit/detroit_24994.jpg,detroit,CurbRamp,0.4371242,no,p_yes,0.46773452,p_no,0.39955282,p_yes,0.44219896,p_no,0.4561472,p_no,0.41998765,yes
detroit_24997,data/generalization/images/detroit/detroit_24997.jpg,detroit,CurbRamp,0.3892197,no,p_no,0.3533352,p_no,0.33550444,p_no,0.44842613,p_no,0.42200845,p_no,0.38682443,yes
detroit_25002,data/generalization/images/detroit/detroit_25002.jpg,detroit,CurbRamp,0.42147666,no,p_no,0.46522173,p_no,0.3944397,p_yes,0.4923674,p_no,0.46148348,p_no,0.2938708,yes
detroit_25270,data/generalization/images/detroit/detroit_25270.jpg,detroit,CurbRamp,0.23000975,no,p_no,0.21132466,p_no,0.20478486,p_no,0.28452155,p_no,0.26875156,p_no,0.18066621,yes
detroit_25279,data/generalization/images/detroit/detroit_25279.jpg,detroit,CurbRamp,0.3276315,no,p_no,0.3901743,p_no,0.26920015,p_no,0.32084367,p_no,0.35272563,p_no,0.30521366,yes
detroit_25431,data/generalization/images/detroit/detroit_25431.jpg,detroit,CurbRamp,0.33977008,no,p_no,0.3586253,p_no,0.30286223,p_no,0.3383795,p_no,0.3564971,p_no,0.3424863,yes
detroit_25436,data/generalization/images/detroit/detroit_25436.jpg,detroit,CurbRamp,0.46099782,no,p_yes,0.4956369,p_no,0.4231543,p_no,0.45620102,p_no,0.4578498,p_no,0.4721472,yes
detroit_25445,data/generalization/images/detroit/detroit_25445.jpg,detroit,CurbRamp,0.38437808,no,p_no,0.3325297,p_no,0.3418864,p_no,0.41360375,p_no,0.39484903,p_no,0.43902147,yes
detroit_26076,data/generalization/images/detroit/detroit_26076.jpg,detroit,CurbRamp,0.5553824,yes,p_yes,0.54217666,p_yes,0.46984443,p_yes,0.545292,p_yes,0.62307596,p_yes,0.596523,yes
detroit_26080,data/generalization/images/detroit/detroit_26080.jpg,detroit,CurbRamp,0.45370564,no,p_no,0.37252483,p_no,0.39604214,p_yes,0.53484035,p_yes,0.51277983,p_no,0.452341,yes
detroit_26159,data/generalization/images/detroit/detroit_26159.jpg,detroit,CurbRamp,0.35963383,no,p_no,0.3277994,p_no,0.30857846,p_no,0.4196069,p_no,0.42261308,p_no,0.3195713,yes
detroit_26263,data/generalization/images/detroit/detroit_26263.jpg,detroit,CurbRamp,0.49775785,no,p_yes,0.5301498,p_no,0.41858545,p_yes,0.45103958,p_yes,0.50124276,p_yes,0.58777183,yes
detroit_26347,data/generalization/images/detroit/detroit_26347.jpg,detroit,CurbRamp,0.21025395,no,p_no,0.19084118,p_no,0.19509014,p_no,0.29098034,p_no,0.22410528,p_no,0.15025276,yes
detroit_26870,data/generalization/images/detroit/detroit_26870.jpg,detroit,CurbRamp,0.43617973,no,p_yes,0.48659727,p_no,0.3920657,p_yes,0.42646074,p_yes,0.50860864,p_no,0.3671663,yes
detroit_25006,data/generalization/images/detroit/detroit_25006.jpg,detroit,CurbRamp,0.31536046,no,p_no,0.29862043,p_no,0.2908387,p_no,0.36230376,p_no,0.32438573,p_no,0.30065352,yes
detroit_25276,data/generalization/images/detroit/detroit_25276.jpg,detroit,CurbRamp,0.63127697,yes,p_yes,0.6763355,p_yes,0.57532156,p_yes,0.60406643,p_yes,0.65619695,p_yes,0.64446443,yes
detroit_25419,data/generalization/images/detroit/detroit_25419.jpg,detroit,CurbRamp,0.6009274,yes,p_yes,0.6529549,p_yes,0.55600554,p_yes,0.5573857,p_yes,0.6245271,p_yes,0.61376387,yes
detroit_25427,data/generalization/images/detroit/detroit_25427.jpg,detroit,CurbRamp,0.41266346,no,p_no,0.42281947,p_no,0.4160524,p_no,0.43984702,p_no,0.39685425,p_no,0.3877441,yes
detroit_25433,data/generalization/images/detroit/detroit_25433.jpg,detroit,CurbRamp,0.361828,no,p_no,0.3844237,p_no,0.32242358,p_no,0.3632092,p_no,0.38963047,p_no,0.34945315,yes
detroit_25440,data/generalization/images/detroit/detroit_25440.jpg,detroit,CurbRamp,0.45405388,no,p_yes,0.5102675,p_no,0.40504232,p_yes,0.4808556,p_no,0.44861633,p_no,0.42548788,yes
detroit_25442,data/generalization/images/detroit/detroit_25442.jpg,detroit,CurbRamp,0.34162766,no,p_no,0.34832937,p_no,0.32119402,p_no,0.3574639,p_no,0.36001268,p_no,0.32113826,yes
detroit_25461,data/generalization/images/detroit/detroit_25461.jpg,detroit,CurbRamp,0.44236144,no,p_no,0.45544365,p_no,0.41287684,p_yes,0.47946727,p_no,0.45554852,p_no,0.40847093,yes
detroit_25480,data/generalization/images/detroit/detroit_25480.jpg,detroit,CurbRamp,0.47962338,no,p_no,0.4336557,p_no,0.43728095,p_yes,0.5201905,p_yes,0.5026415,p_yes,0.5043482,yes
detroit_25481,data/generalization/images/detroit/detroit_25481.jpg,detroit,CurbRamp,0.48070318,no,p_yes,0.47943336,p_yes,0.43858558,p_yes,0.48476735,p_yes,0.5190415,p_yes,0.48168805,yes
detroit_25598,data/generalization/images/detroit/detroit_25598.jpg,detroit,CurbRamp,0.36798045,no,p_no,0.38286492,p_no,0.30217335,p_no,0.3626785,p_no,0.39941517,p_no,0.39277044,yes
detroit_25631,data/generalization/images/detroit/detroit_25631.jpg,detroit,CurbRamp,0.42318392,no,p_no,0.39314508,p_no,0.42462867,p_yes,0.49086022,p_yes,0.47334096,p_no,0.33394447,yes
detroit_25676,data/generalization/images/detroit/detroit_25676.jpg,detroit,CurbRamp,0.45216346,no,p_no,0.44047126,p_no,0.37607133,p_yes,0.4408529,p_yes,0.50215954,p_yes,0.5012622,yes
detroit_25679,data/generalization/images/detroit/detroit_25679.jpg,detroit,CurbRamp,0.35857123,no,p_no,0.3073435,p_no,0.30601308,p_no,0.40549913,p_no,0.40650013,p_no,0.3675003,yes
detroit_25684,data/generalization/images/detroit/detroit_25684.jpg,detroit,CurbRamp,0.48353344,no,p_no,0.43949312,p_no,0.45253715,p_yes,0.52448684,p_yes,0.50698537,p_yes,0.4941647,yes
detroit_25779,data/generalization/images/detroit/detroit_25779.jpg,detroit,CurbRamp,0.4606367,no,p_yes,0.4800722,p_no,0.42787582,p_yes,0.48324487,p_yes,0.5257391,p_no,0.3862515,yes
detroit_25811,data/generalization/images/detroit/detroit_25811.jpg,detroit,CurbRamp,0.38438648,no,p_no,0.3769506,p_no,0.33371264,p_no,0.41311303,p_no,0.41119942,p_no,0.38695666,yes
detroit_25879,data/generalization/images/detroit/detroit_25879.jpg,detroit,CurbRamp,0.52868634,yes,p_yes,0.49148875,p_yes,0.4879466,p_yes,0.5260158,p_yes,0.55034995,p_yes,0.5876306,yes
detroit_25893,data/generalization/images/detroit/detroit_25893.jpg,detroit,CurbRamp,0.4253509,no,p_no,0.39187154,p_no,0.37565386,p_no,0.45471087,p_no,0.46813673,p_no,0.43638155,yes
detroit_25903,data/generalization/images/detroit/detroit_25903.jpg,detroit,CurbRamp,0.47063747,no,p_yes,0.52172273,p_no,0.4438514,p_yes,0.5082464,p_yes,0.4819397,p_no,0.39742705,yes
detroit_25908,data/generalization/images/detroit/detroit_25908.jpg,detroit,CurbRamp,0.35233456,no,p_no,0.34352094,p_no,0.26344573,p_no,0.38730338,p_no,0.42964593,p_no,0.33775684,yes
detroit_25909,data/generalization/images/detroit/detroit_25909.jpg,detroit,CurbRamp,0.37054116,no,p_no,0.38400975,p_no,0.29594225,p_no,0.36388966,p_no,0.402693,p_no,0.40617093,yes
detroit_25957,data/generalization/images/detroit/detroit_25957.jpg,detroit,CurbRamp,0.45808953,no,p_no,0.47806633,p_no,0.38132617,p_no,0.44937387,p_yes,0.5022385,p_yes,0.47944272,yes
detroit_25962,data/generalization/images/detroit/detroit_25962.jpg,detroit,CurbRamp,0.5751888,yes,p_yes,0.5792326,p_yes,0.5568319,p_yes,0.612082,p_yes,0.62094665,p_yes,0.50685096,yes
detroit_25991,data/generalization/images/detroit/detroit_25991.jpg,detroit,CurbRamp,0.63262784,yes,p_yes,0.6485948,p_yes,0.5569064,p_yes,0.6236456,p_yes,0.6823235,p_yes,0.6516689,yes
detroit_26035,data/generalization/images/detroit/detroit_26035.jpg,detroit,CurbRamp,0.32806185,no,p_no,0.28899235,p_no,0.2637782,p_no,0.4086181,p_no,0.3634283,p_no,0.3154923,yes
detroit_26037,data/generalization/images/detroit/detroit_26037.jpg,detroit,CurbRamp,0.43091637,no,p_no,0.4052008,p_no,0.42894635,p_yes,0.4657819,p_no,0.43706027,p_no,0.41759259,yes
detroit_26041,data/generalization/images/detroit/detroit_26041.jpg,detroit,CurbRamp,0.39608958,no,p_no,0.38177544,p_no,0.36611447,p_no,0.42599624,p_no,0.40936464,p_no,0.39719713,yes
detroit_26046,data/generalization/images/detroit/detroit_26046.jpg,detroit,CurbRamp,0.4510653,no,p_no,0.46305966,p_no,0.38724956,p_no,0.4504374,p_yes,0.48953533,p_yes,0.4650444,yes
detroit_25609,data/generalization/images/detroit/detroit_25609.jpg,detroit,NoCurbRamp,0.4042202,no,p_no,0.42780796,p_no,0.32598025,p_no,0.39069393,p_yes,0.44699058,p_no,0.42962825,no
detroit_25673,data/generalization/images/detroit/detroit_25673.jpg,detroit,NoCurbRamp,0.2134271,no,p_no,0.1833883,p_no,0.1853579,p_no,0.24206617,p_no,0.22857092,p_no,0.22775216,no
detroit_25672,data/generalization/images/detroit/detroit_25672.jpg,detroit,NoCurbRamp,0.28077415,no,p_no,0.2564178,p_no,0.24972716,p_no,0.29440758,p_no,0.303591,p_no,0.2997271,no
detroit_24992,data/generalization/images/detroit/detroit_24992.jpg,detroit,NoCurbRamp,0.46687764,no,p_yes,0.51768166,p_no,0.4281996,p_yes,0.4833779,p_yes,0.4831085,p_no,0.42202044,no
detroit_25004,data/generalization/images/detroit/detroit_25004.jpg,detroit,NoCurbRamp,0.42147666,no,p_no,0.46522173,p_no,0.3944397,p_yes,0.4923674,p_no,0.46148348,p_no,0.2938708,no
detroit_24999,data/generalization/images/detroit/detroit_24999.jpg,detroit,NoCurbRamp,0.42717138,no,p_no,0.43365002,p_no,0.41613406,p_yes,0.46967596,p_no,0.4317395,p_no,0.38465738,no
detroit_25005,data/generalization/images/detroit/detroit_25005.jpg,detroit,NoCurbRamp,0.5654043,yes,p_yes,0.5721153,p_yes,0.54281557,p_yes,0.61695296,p_yes,0.60837644,p_yes,0.4867611,no
detroit_25737,data/generalization/images/detroit/detroit_25737.jpg,detroit,NoCurbRamp,0.3415205,no,p_no,0.40336934,p_no,0.30753502,p_no,0.3632433,p_no,0.34754375,p_no,0.2859111,no
detroit_26007,data/generalization/images/detroit/detroit_26007.jpg,detroit,NoCurbRamp,0.6141756,yes,p_yes,0.59779,p_yes,0.5990685,p_yes,0.6873084,p_yes,0.66478056,p_yes,0.52193034,no
detroit_26387,data/generalization/images/detroit/detroit_26387.jpg,detroit,NoCurbRamp,0.47216326,no,p_no,0.38574228,p_no,0.43071654,p_yes,0.510401,p_yes,0.5200335,p_yes,0.513923,no
detroit_24998,data/generalization/images/detroit/detroit_24998.jpg,detroit,NoCurbRamp,0.3892197,no,p_no,0.3533352,p_no,0.33550444,p_no,0.44842613,p_no,0.42200845,p_no,0.38682443,no
detroit_25636,data/generalization/images/detroit/detroit_25636.jpg,detroit,NoCurbRamp,0.30414724,no,p_no,0.23619951,p_no,0.25006604,p_no,0.3226244,p_no,0.34672832,p_no,0.3651181,no
detroit_25736,data/generalization/images/detroit/detroit_25736.jpg,detroit,NoCurbRamp,0.30710006,no,p_no,0.2908888,p_no,0.26900104,p_no,0.34722808,p_no,0.34185493,p_no,0.28652748,no
detroit_25739,data/generalization/images/detroit/detroit_25739.jpg,detroit,NoCurbRamp,0.48685804,no,p_no,0.45688692,p_no,0.41443887,p_yes,0.5018871,p_yes,0.53122437,p_yes,0.52985305,no
detroit_25808,data/generalization/images/detroit/detroit_25808.jpg,detroit,NoCurbRamp,0.40163678,no,p_no,0.41060838,p_no,0.37575424,p_no,0.40531108,p_yes,0.4451589,p_no,0.3713513,no
detroit_25881,data/generalization/images/detroit/detroit_25881.jpg,detroit,NoCurbRamp,0.49284178,no,p_yes,0.4752798,p_no,0.41053998,p_yes,0.46831515,p_yes,0.5254282,p_yes,0.58464575,no
detroit_26634,data/generalization/images/detroit/detroit_26634.jpg,detroit,NoCurbRamp,0.61875093,yes,p_yes,0.60478616,p_yes,0.5237544,p_yes,0.6479077,p_yes,0.66037107,p_yes,0.65693545,no
detroit_27035,data/generalization/images/detroit/detroit_27035.jpg,detroit,NoCurbRamp,0.44821304,no,p_yes,0.5133907,p_yes,0.4376362,p_no,0.44323832,p_yes,0.46080223,p_no,0.38599783,no
detroit_27150,data/generalization/images/detroit/detroit_27150.jpg,detroit,NoCurbRamp,0.4059198,no,p_no,0.40402433,p_no,0.37500858,p_yes,0.4755923,p_no,0.4111741,p_no,0.36379978,no
detroit_25731,data/generalization/images/detroit/detroit_25731.jpg,detroit,NoCurbRamp,0.40664577,no,p_yes,0.47766295,p_no,0.38250417,p_yes,0.44492373,p_no,0.4144396,p_no,0.3136983,no
detroit_25995,data/generalization/images/detroit/detroit_25995.jpg,detroit,NoCurbRamp,0.30459327,no,p_no,0.2769312,p_no,0.28518277,p_no,0.3618118,p_no,0.32115927,p_no,0.2778814,no
detroit_25997,data/generalization/images/detroit/detroit_25997.jpg,detroit,NoCurbRamp,0.46766073,no,p_no,0.42398784,p_no,0.42669594,p_yes,0.5266418,p_yes,0.4963749,p_no,0.46460325,no
detroit_26000,data/generalization/images/detroit/detroit_26000.jpg,detroit,NoCurbRamp,0.4748047,no,p_no,0.44282845,p_no,0.4386452,p_yes,0.5347154,p_yes,0.5151153,p_no,0.44271907,no
detroit_26004,data/generalization/images/detroit/detroit_26004.jpg,detroit,NoCurbRamp,0.45979586,no,p_no,0.35846815,p_no,0.40023568,p_yes,0.523629,p_yes,0.5498893,p_yes,0.466757,no
detroit_26008,data/generalization/images/detroit/detroit_26008.jpg,detroit,NoCurbRamp,0.460069,no,p_yes,0.46302286,p_yes,0.44117972,p_yes,0.5463516,p_yes,0.51187736,p_no,0.3379135,no
detroit_26009,data/generalization/images/detroit/detroit_26009.jpg,detroit,NoCurbRamp,0.45563585,no,p_no,0.44315618,p_yes,0.462834,p_yes,0.5236946,p_yes,0.46705252,p_no,0.3814418,no
detroit_26252,data/generalization/images/detroit/detroit_26252.jpg,detroit,NoCurbRamp,0.3565464,no,p_no,0.38402307,p_no,0.2899816,p_no,0.37067893,p_no,0.41097373,p_no,0.32707474,no
detroit_26386,data/generalization/images/detroit/detroit_26386.jpg,detroit,NoCurbRamp,0.47216326,no,p_no,0.38574228,p_no,0.43071654,p_yes,0.510401,p_yes,0.5200335,p_yes,0.513923,no
detroit_26498,data/generalization/images/detroit/detroit_26498.jpg,detroit,NoCurbRamp,0.44516215,no,p_no,0.39164722,p_no,0.4474899,p_yes,0.5016523,p_no,0.4476501,p_no,0.4373714,no
detroit_26959,data/generalization/images/detroit/detroit_26959.jpg,detroit,NoCurbRamp,0.57408553,yes,p_yes,0.5234209,p_yes,0.50280416,p_yes,0.5645088,p_yes,0.62652934,p_yes,0.6531643,no
detroit_26980,data/generalization/images/detroit/detroit_26980.jpg,detroit,NoCurbRamp,0.61009485,yes,p_yes,0.5960141,p_yes,0.56185675,p_yes,0.6718539,p_yes,0.6563086,p_yes,0.5644409,no
la_107,data/generalization/images/la/la_107.jpg,la,CurbRamp,0.34477773,no,p_no,0.40723985,p_no,0.32057345,p_no,0.33020416,p_no,0.33020264,p_no,0.33566862,yes
la_109,data/generalization/images/la/la_109.jpg,la,CurbRamp,0.3674238,no,p_yes,0.4845271,p_yes,0.37893683,p_unsure,0.35833314,p_unsure,0.35905698,p_unsure,0.25626495,yes
la_28,data/generalization/images/la/la_28.jpg,la,CurbRamp,0.37436384,no,p_no,0.39776656,p_no,0.32749406,p_no,0.3391761,p_yes,0.42266428,p_yes,0.3847182,yes
la_42,data/generalization/images/la/la_42.jpg,la,CurbRamp,0.30671147,no,p_no,0.33971897,p_no,0.28295362,p_no,0.29021764,p_no,0.31463826,p_no,0.3060288,yes
la_45,data/generalization/images/la/la_45.jpg,la,CurbRamp,0.25353986,no,p_no,0.2504898,p_no,0.23311175,p_no,0.2662941,p_no,0.27631205,p_no,0.24149169,yes
la_54,data/generalization/images/la/la_54.jpg,la,CurbRamp,0.3805688,no,p_no,0.37076738,p_no,0.3581839,p_no,0.39903948,p_no,0.3963553,p_no,0.3784979,yes
la_104,data/generalization/images/la/la_104.jpg,la,CurbRamp,0.46980256,no,p_yes,0.46374878,p_yes,0.44713464,p_yes,0.4774401,p_yes,0.49770418,p_yes,0.46298507,yes
la_103,data/generalization/images/la/la_103.jpg,la,CurbRamp,0.23936883,no,p_no,0.26187718,p_no,0.22490641,p_no,0.26752397,p_no,0.22276846,p_no,0.21976803,yes
la_106,data/generalization/images/la/la_106.jpg,la,CurbRamp,0.7049334,yes,p_yes,0.7371347,p_yes,0.6605143,p_yes,0.72312546,p_yes,0.7403515,p_yes,0.6635411,yes
la_108,data/generalization/images/la/la_108.jpg,la,CurbRamp,0.24803452,no,p_no,0.27714735,p_no,0.23188262,p_no,0.23312555,p_no,0.2758646,p_no,0.22215252,yes
la_193,data/generalization/images/la/la_193.jpg,la,CurbRamp,0.24711516,no,p_no,0.23607472,p_no,0.23686354,p_no,0.3022618,p_no,0.28241262,p_no,0.17796312,yes
la_243,data/generalization/images/la/la_243.jpg,la,CurbRamp,0.17637974,no,p_no,0.23856007,p_no,0.15407524,p_unsure,0.19762431,p_unsure,0.17780264,p_no,0.11383645,yes
la_30,data/generalization/images/la/la_30.jpg,la,CurbRamp,0.16564447,no,p_no,0.18933353,p_no,0.1313383,p_no,0.17764963,p_no,0.1693999,p_no,0.16050094,yes
la_47,data/generalization/images/la/la_47.jpg,la,CurbRamp,0.16461036,no,p_no,0.16019638,p_no,0.14973244,p_no,0.15250444,p_no,0.18184914,p_no,0.17876941,yes
la_168,data/generalization/images/la/la_168.jpg,la,CurbRamp,0.44435436,no,p_yes,0.49409142,p_no,0.3848859,p_yes,0.3899833,p_yes,0.49497688,p_yes,0.45783427,yes
la_261,data/generalization/images/la/la_261.jpg,la,CurbRamp,0.70899427,yes,p_yes,0.79425985,p_yes,0.69842935,p_yes,0.6307475,p_yes,0.7145293,p_yes,0.7070053,yes
la_268,data/generalization/images/la/la_268.jpg,la,CurbRamp,0.36712772,no,p_yes,0.4519276,p_unsure,0.31421465,p_unsure,0.30673283,p_yes,0.4070376,p_unsure,0.355726,yes
la_269,data/generalization/images/la/la_269.jpg,la,CurbRamp,0.2710535,no,p_no,0.28728184,p_no,0.238917,p_no,0.25197318,p_no,0.32116863,p_no,0.25592685,yes
la_273,data/generalization/images/la/la_273.jpg,la,CurbRamp,0.25125247,no,p_no,0.30406025,p_no,0.20500953,p_no,0.2256789,p_no,0.26943016,p_no,0.25208345,yes
la_278,data/generalization/images/la/la_278.jpg,la,CurbRamp,0.431508,no,p_yes,0.5163144,p_yes,0.3756016,p_yes,0.36433822,p_yes,0.4771907,p_yes,0.4240951,yes
la_287,data/generalization/images/la/la_287.jpg,la,CurbRamp,0.25268587,no,p_no,0.2958426,p_unsure,0.25105006,p_unsure,0.22195236,p_unsure,0.29234824,p_unsure,0.20223612,yes
la_293,data/generalization/images/la/la_293.jpg,la,CurbRamp,0.21249108,no,p_no,0.2167515,p_no,0.18368697,p_no,0.20725158,p_no,0.22975935,p_no,0.22500603,yes
la_314,data/generalization/images/la/la_314.jpg,la,CurbRamp,0.51548547,yes,p_yes,0.5953841,p_yes,0.48619205,p_yes,0.470122,p_yes,0.562012,p_yes,0.46371725,yes
la_319,data/generalization/images/la/la_319.jpg,la,CurbRamp,0.31457847,no,p_no,0.34790677,p_no,0.28905472,p_no,0.28221312,p_no,0.35701603,p_no,0.2967018,yes
la_329,data/generalization/images/la/la_329.jpg,la,CurbRamp,0.34429893,no,p_no,0.3657667,p_no,0.28970963,p_no,0.34447372,p_no,0.38146758,p_no,0.340077,yes
la_242,data/generalization/images/la/la_242.jpg,la,CurbRamp,0.39743274,no,p_no,0.41911542,p_no,0.38091522,p_yes,0.4147085,p_yes,0.44174442,p_no,0.33068025,yes
la_247,data/generalization/images/la/la_247.jpg,la,CurbRamp,0.6067619,yes,p_yes,0.679204,p_yes,0.59366935,p_yes,0.6313425,p_yes,0.6202055,p_yes,0.50938827,yes
la_264,data/generalization/images/la/la_264.jpg,la,CurbRamp,0.23244548,no,p_no,0.2345244,p_no,0.21008949,p_no,0.25082234,p_no,0.25197285,p_no,0.21481828,yes
la_271,data/generalization/images/la/la_271.jpg,la,CurbRamp,0.3767883,no,p_yes,0.45940423,p_no,0.31131527,p_yes,0.3637835,p_yes,0.39469588,p_yes,0.35474247,yes
la_274,data/generalization/images/la/la_274.jpg,la,CurbRamp,0.35954326,no,p_yes,0.40454173,p_no,0.33464316,p_unsure,0.33294037,p_yes,0.4233866,p_unsure,0.3022046,yes
la_289,data/generalization/images/la/la_289.jpg,la,CurbRamp,0.3955435,no,p_yes,0.4934603,p_no,0.31268916,p_unsure,0.29868427,p_yes,0.449849,p_yes,0.4230346,yes
la_295,data/generalization/images/la/la_295.jpg,la,CurbRamp,0.23528023,no,p_no,0.2584235,p_no,0.19756103,p_no,0.22796005,p_no,0.26871875,p_no,0.22373788,yes
la_323,data/generalization/images/la/la_323.jpg,la,CurbRamp,0.33365768,no,p_no,0.3548547,p_no,0.29604802,p_no,0.29412037,p_yes,0.38208935,p_no,0.34117603,yes
la_332,data/generalization/images/la/la_332.jpg,la,CurbRamp,0.50758964,yes,p_yes,0.52694166,p_yes,0.46541736,p_yes,0.45699337,p_yes,0.52958095,p_yes,0.5590147,yes
la_344,data/generalization/images/la/la_344.jpg,la,CurbRamp,0.34736618,no,p_no,0.36263397,p_no,0.29141217,p_yes,0.36980906,p_yes,0.3949315,p_no,0.31804416,yes
la_357,data/generalization/images/la/la_357.jpg,la,CurbRamp,0.24610639,no,p_no,0.25627032,p_no,0.21940269,p_no,0.2552855,p_no,0.2941837,p_no,0.20538978,yes
la_333,data/generalization/images/la/la_333.jpg,la,CurbRamp,0.50758964,yes,p_yes,0.52694166,p_yes,0.46541736,p_yes,0.45699337,p_yes,0.52958095,p_yes,0.5590147,yes
la_34,data/generalization/images/la/la_34.jpg,la,NoCurbRamp,0.18778816,no,p_no,0.202431,p_no,0.15596265,p_no,0.17154643,p_no,0.20270707,p_no,0.20629367,no
la_33,data/generalization/images/la/la_33.jpg,la,NoCurbRamp,0.18778816,no,p_no,0.202431,p_no,0.15596265,p_no,0.17154643,p_no,0.20270707,p_no,0.20629367,no
la_44,data/generalization/images/la/la_44.jpg,la,NoCurbRamp,0.33169907,no,p_no,0.3484875,p_no,0.2804785,p_no,0.36892053,p_no,0.35870457,p_no,0.30190426,no
la_50,data/generalization/images/la/la_50.jpg,la,NoCurbRamp,0.29577702,no,p_no,0.31052944,p_no,0.25776464,p_no,0.3054786,p_no,0.32428673,p_no,0.2808258,no
la_167,data/generalization/images/la/la_167.jpg,la,NoCurbRamp,0.3621348,no,p_no,0.364584,p_no,0.30193645,p_no,0.32648334,p_yes,0.4276775,p_no,0.3899927,no
la_31,data/generalization/images/la/la_31.jpg,la,NoCurbRamp,0.38401636,no,p_no,0.41649044,p_no,0.31234136,p_no,0.35495797,p_yes,0.43747407,p_yes,0.39881805,no
la_32,data/generalization/images/la/la_32.jpg,la,NoCurbRamp,0.5155628,yes,p_yes,0.47642028,p_yes,0.4699538,p_yes,0.46149075,p_yes,0.5574435,p_yes,0.6125056,no
la_48,data/generalization/images/la/la_48.jpg,la,NoCurbRamp,0.37857333,no,p_yes,0.4497722,p_no,0.33564937,p_unsure,0.32917458,p_yes,0.4117047,p_yes,0.36656576,no
la_49,data/generalization/images/la/la_49.jpg,la,NoCurbRamp,0.30828273,no,p_no,0.2986099,p_no,0.2831097,p_no,0.3061314,p_no,0.34473035,p_no,0.30883226,no
la_53,data/generalization/images/la/la_53.jpg,la,NoCurbRamp,0.4578046,no,p_no,0.4605054,p_no,0.36833674,p_no,0.43768048,p_yes,0.48755413,p_yes,0.53494614,no
